Account Id,Industry,Country,Signup Date,Signup Month,Referral Source,Plan,Seats,Seat Band,First Sub Type,Churned,Churn Rate,Churn Date,Tenure Days,Ever Upgraded,Upgraded,Events,Distinct Features,Usage Count,Hours Used,Errors,Features First 30d,Activation Band,Tickets,Escalated,Csat,Mrr Active,Account Count,Scope
A-fa3095,FinTech,US,2023-09-03,2023-09,ads,Basic,70,D 50+,trial,No,0,,485,0,0,32,23,321.0,31.4,19.0,1,A 0-2,5,0,5.0,69230.0,1,All accounts
A-e43bf7,Cybersecurity,AU,2023-03-24,2023-03,other,Pro,44,C 21-50,paid,No,0,,648,1,1,34,24,307.0,23.1,32.0,2,A 0-2,5,1,4.0,46666.0,1,All accounts
A-3c1a3f,DevTools,UK,2023-08-26,2023-08,event,Pro,1,A 1-5,trial,No,0,,493,0,0,36,24,328.0,28.8,20.0,3,B 3-5,4,0,3.5,11192.0,1,All accounts
A-158f4e,FinTech,IN,2023-03-03,2023-03,other,Enterprise,61,D 50+,paid,No,0,,669,0,0,45,31,411.0,30.8,25.0,4,B 3-5,5,0,4.33,42700.0,1,All accounts
A-50bb9f,Cybersecurity,US,2024-07-12,2024-07,organic,Pro,2,A 1-5,paid,No,0,,172,1,1,3,3,31.0,2.3,4.0,1,A 0-2,7,0,4.0,15499.0,1,All accounts
A-05f0e5,FinTech,US,2023-05-04,2023-05,partner,Basic,32,C 21-50,paid,No,0,,607,1,1,53,28,547.0,43.0,38.0,3,B 3-5,4,0,4.0,51109.0,1,All accounts
A-05d3b3,DevTools,AU,2023-05-28,2023-05,ads,Basic,9,B 6-20,paid,No,0,,583,0,0,55,30,558.0,44.7,18.0,1,A 0-2,6,0,4.33,12154.0,1,All accounts
A-86cdb4,DevTools,DE,2024-09-22,2024-09,partner,Basic,2,A 1-5,paid,No,0,,100,0,0,11,10,121.0,8.4,6.0,2,A 0-2,5,0,4.33,3006.0,1,All accounts
A-ef84cf,EdTech,US,2024-03-01,2024-03,partner,Enterprise,8,B 6-20,trial,No,0,,305,0,0,13,12,142.0,11.1,5.0,2,A 0-2,5,1,4.33,7355.0,1,All accounts
A-241e75,EdTech,US,2024-07-03,2024-07,partner,Enterprise,3,A 1-5,paid,No,0,,181,0,0,6,5,61.0,6.0,3.0,1,A 0-2,4,0,4.5,3594.0,1,All accounts
A-ac9111,HealthTech,US,2023-08-12,2023-08,event,Pro,21,C 21-50,paid,No,0,,507,0,0,62,33,598.0,51.8,38.0,2,A 0-2,3,0,5.0,25828.0,1,All accounts
A-cbbe12,Cybersecurity,DE,2023-03-22,2023-03,partner,Enterprise,40,C 21-50,trial,No,0,,650,1,1,19,12,153.0,11.7,7.0,1,A 0-2,6,0,4.25,12321.0,1,All accounts
A-7c83a1,Cybersecurity,US,2024-05-06,2024-05,partner,Pro,12,B 6-20,paid,No,0,,239,0,0,23,17,254.0,23.9,4.0,4,B 3-5,4,0,4.0,10741.0,1,All accounts
A-32728c,DevTools,US,2023-01-03,2023-01,event,Pro,20,B 6-20,paid,Yes,1,2024-07-19,563,1,1,35,24,357.0,26.0,19.0,3,B 3-5,2,0,3.5,4118.0,1,All accounts
A-9779ad,Cybersecurity,AU,2024-03-29,2024-03,event,Pro,40,C 21-50,paid,Yes,1,2024-08-11,135,0,0,9,8,76.0,5.5,4.0,4,B 3-5,3,0,5.0,51680.0,1,All accounts
A-779e4e,HealthTech,US,2023-01-02,2023-01,organic,Basic,5,A 1-5,paid,No,0,,729,1,1,44,28,393.0,30.8,20.0,5,B 3-5,5,0,4.0,19986.0,1,All accounts
A-ed510f,Cybersecurity,IN,2023-01-17,2023-01,partner,Basic,42,C 21-50,paid,No,0,,714,1,1,49,27,493.0,44.7,28.0,2,A 0-2,9,0,4.0,35364.0,1,All accounts
A-f9cc74,DevTools,FR,2024-10-12,2024-10,partner,Enterprise,30,C 21-50,paid,No,0,,80,1,1,5,5,45.0,3.3,2.0,3,B 3-5,6,0,4.0,14550.0,1,All accounts
A-716841,FinTech,US,2024-05-06,2024-05,other,Pro,45,C 21-50,paid,No,0,,239,0,0,11,10,108.0,8.3,4.0,1,A 0-2,5,0,4.0,26234.0,1,All accounts
A-4bfa33,Cybersecurity,US,2024-12-07,2024-12,event,Basic,8,B 6-20,paid,No,0,,24,0,0,4,4,52.0,3.4,3.0,4,B 3-5,4,0,3.67,5165.0,1,All accounts
A-b9eed8,Cybersecurity,US,2024-02-23,2024-02,organic,Basic,11,B 6-20,paid,No,0,,312,0,0,28,19,286.0,20.6,26.0,3,B 3-5,5,1,3.75,16577.0,1,All accounts
A-40de06,Cybersecurity,US,2023-05-08,2023-05,event,Enterprise,28,C 21-50,paid,Yes,1,,603,1,1,81,37,795.0,64.8,35.0,2,A 0-2,3,0,4.0,21918.0,1,All accounts
A-eb7c38,DevTools,AU,2024-02-25,2024-02,organic,Enterprise,5,A 1-5,trial,No,0,,310,1,1,33,20,320.0,23.6,9.0,3,B 3-5,5,0,4.33,17144.0,1,All accounts
A-2446e3,EdTech,IN,2024-01-10,2024-01,organic,Pro,27,C 21-50,paid,No,0,,356,1,1,26,19,287.0,23.0,13.0,3,B 3-5,3,0,4.0,24138.0,1,All accounts
A-2789e3,FinTech,US,2024-09-14,2024-09,partner,Enterprise,11,B 6-20,paid,No,0,,108,1,1,11,10,128.0,9.0,6.0,4,B 3-5,4,0,4.0,24489.0,1,All accounts
A-c37601,EdTech,US,2024-10-31,2024-10,partner,Basic,6,B 6-20,paid,No,0,,61,0,0,3,3,29.0,3.0,0.0,2,A 0-2,4,0,3.67,17490.0,1,All accounts
A-9badbd,Cybersecurity,DE,2024-06-19,2024-06,ads,Enterprise,5,A 1-5,paid,No,0,,195,0,0,24,17,253.0,23.1,11.0,3,B 3-5,5,0,5.0,20299.0,1,All accounts
A-49b828,FinTech,IN,2023-05-05,2023-05,ads,Pro,6,B 6-20,paid,No,0,,606,1,1,51,26,528.0,39.3,30.0,3,B 3-5,3,1,3.5,31108.0,1,All accounts
A-977ca0,HealthTech,IN,2023-02-20,2023-02,partner,Basic,6,B 6-20,paid,Yes,1,,680,1,1,78,38,837.0,62.3,38.0,2,A 0-2,3,0,4.0,29255.0,1,All accounts
A-0354fe,Cybersecurity,US,2024-10-22,2024-10,other,Basic,34,C 21-50,trial,No,0,,70,1,1,5,5,58.0,5.2,3.0,1,A 0-2,4,0,4.0,14824.0,1,All accounts
A-e89151,FinTech,UK,2023-09-14,2023-09,organic,Pro,8,B 6-20,paid,Yes,1,,474,1,1,32,24,341.0,31.2,17.0,4,B 3-5,2,0,5.0,19762.0,1,All accounts
A-cc8c8f,DevTools,US,2024-06-16,2024-06,ads,Enterprise,23,C 21-50,paid,No,0,,198,1,1,8,7,77.0,5.9,6.0,2,A 0-2,2,0,3.5,15600.0,1,All accounts
A-81edc3,Cybersecurity,IN,2023-10-30,2023-10,ads,Basic,5,A 1-5,paid,No,0,,428,1,1,48,26,514.0,50.8,25.0,3,B 3-5,3,0,4.0,17524.0,1,All accounts
A-7c4956,DevTools,US,2023-05-06,2023-05,ads,Enterprise,5,A 1-5,paid,Yes,1,,605,0,0,35,22,371.0,27.5,29.0,1,A 0-2,3,0,4.0,3314.0,1,All accounts
A-f446b6,DevTools,DE,2023-05-12,2023-05,ads,Pro,5,A 1-5,paid,No,0,,599,0,0,36,27,344.0,32.6,31.0,2,A 0-2,8,1,4.25,8805.0,1,All accounts
A-67be94,EdTech,US,2023-04-04,2023-04,organic,Enterprise,26,C 21-50,paid,No,0,,637,1,1,34,22,337.0,28.1,16.0,1,A 0-2,5,0,4.0,14567.0,1,All accounts
A-f5641b,EdTech,US,2024-03-30,2024-03,other,Pro,31,C 21-50,paid,No,0,,276,1,1,11,10,120.0,13.0,7.0,2,A 0-2,4,1,3.0,32951.0,1,All accounts
A-6c093d,DevTools,US,2023-04-14,2023-04,partner,Basic,7,B 6-20,paid,No,0,,627,1,1,56,28,579.0,51.7,24.0,1,A 0-2,3,1,5.0,15556.0,1,All accounts
A-1e6fc3,EdTech,FR,2023-12-06,2023-12,other,Pro,1,A 1-5,trial,No,0,,391,0,0,13,12,129.0,13.7,3.0,1,A 0-2,5,0,3.67,444.0,1,All accounts
A-bd4708,FinTech,US,2024-07-21,2024-07,ads,Pro,37,C 21-50,paid,No,0,,163,1,1,17,13,168.0,13.6,4.0,5,B 3-5,4,0,3.5,38975.0,1,All accounts
A-89ee83,Cybersecurity,US,2024-10-04,2024-10,organic,Pro,1,A 1-5,paid,Yes,1,,88,1,1,9,7,93.0,6.9,10.0,3,B 3-5,5,1,4.0,20140.0,1,All accounts
A-443b7c,Cybersecurity,US,2024-09-06,2024-09,other,Enterprise,1,A 1-5,paid,Yes,1,,116,1,1,12,10,111.0,10.1,3.0,2,A 0-2,8,0,4.4,23739.0,1,All accounts
A-751bd4,Cybersecurity,UK,2024-07-12,2024-07,partner,Pro,10,B 6-20,paid,No,0,,172,0,0,4,4,43.0,3.5,0.0,1,A 0-2,6,1,4.25,190.0,1,All accounts
A-4ae22a,EdTech,US,2024-05-09,2024-05,other,Pro,6,B 6-20,paid,Yes,1,2024-07-20,72,0,0,1,1,12.0,1.8,0.0,1,A 0-2,3,0,3.0,3860.0,1,All accounts
A-0cc442,EdTech,US,2024-07-18,2024-07,organic,Basic,45,C 21-50,trial,No,0,,166,1,1,19,13,176.0,14.5,12.0,4,B 3-5,3,0,3.0,60092.0,1,All accounts
A-39ddf4,EdTech,US,2024-12-05,2024-12,partner,Enterprise,40,C 21-50,paid,No,0,,26,0,0,1,1,7.0,1.1,1.0,1,A 0-2,5,0,4.25,33876.0,1,All accounts
A-328bd0,HealthTech,AU,2023-05-16,2023-05,partner,Enterprise,18,B 6-20,trial,No,0,,595,1,1,49,28,443.0,33.5,31.0,1,A 0-2,5,0,3.67,13726.0,1,All accounts
A-2e4581,EdTech,US,2024-10-16,2024-10,partner,Basic,9,B 6-20,paid,No,0,,76,1,1,6,6,56.0,4.0,6.0,3,B 3-5,2,0,3.0,12603.0,1,All accounts
A-e19ff6,Cybersecurity,UK,2023-07-28,2023-07,partner,Enterprise,1,A 1-5,paid,No,0,,522,1,1,35,22,368.0,35.9,17.0,4,B 3-5,3,0,4.67,4910.0,1,All accounts
A-508199,FinTech,AU,2024-01-28,2024-01,event,Basic,19,B 6-20,paid,No,0,,338,0,0,11,9,123.0,13.1,7.0,2,A 0-2,3,0,3.0,8436.0,1,All accounts
A-5b1bcd,DevTools,US,2023-09-16,2023-09,organic,Pro,73,D 50+,paid,No,0,,472,1,1,51,26,514.0,42.0,33.0,1,A 0-2,4,0,4.5,131911.0,1,All accounts
A-4e960a,FinTech,US,2024-01-17,2024-01,other,Enterprise,12,B 6-20,trial,Yes,1,,349,0,0,25,17,271.0,22.4,16.0,4,B 3-5,6,0,4.0,23942.0,1,All accounts
A-e2cd1b,DevTools,US,2024-02-04,2024-02,other,Enterprise,15,B 6-20,paid,No,0,,331,1,1,25,20,233.0,21.5,11.0,4,B 3-5,5,0,4.0,12548.0,1,All accounts
A-55f257,FinTech,US,2023-12-21,2023-12,organic,Basic,9,B 6-20,trial,No,0,,376,1,1,28,20,260.0,24.0,10.0,1,A 0-2,6,0,5.0,12137.0,1,All accounts
A-6e7827,DevTools,US,2023-03-26,2023-03,other,Basic,1,A 1-5,paid,No,0,,646,1,1,38,23,390.0,31.1,27.0,3,B 3-5,2,0,3.5,5894.0,1,All accounts
A-f19b24,Cybersecurity,US,2023-01-10,2023-01,organic,Pro,29,C 21-50,paid,No,0,,721,0,0,12,12,119.0,12.8,10.0,1,A 0-2,2,1,4.0,2523.0,1,All accounts
A-c16101,EdTech,IN,2024-09-06,2024-09,other,Basic,7,B 6-20,paid,No,0,,116,1,1,10,9,105.0,9.9,5.0,1,A 0-2,4,1,5.0,12422.0,1,All accounts
A-bad8c1,FinTech,AU,2023-03-01,2023-03,organic,Basic,7,B 6-20,paid,No,0,,671,1,1,33,27,353.0,33.0,9.0,2,A 0-2,1,0,4.0,7797.0,1,All accounts
A-2f6a32,HealthTech,US,2024-08-26,2024-08,organic,Basic,19,B 6-20,trial,No,0,,127,1,1,12,9,116.0,7.8,11.0,3,B 3-5,2,0,3.5,6221.0,1,All accounts
A-e60f9d,FinTech,US,2024-08-26,2024-08,other,Basic,29,C 21-50,paid,No,0,,127,0,0,9,8,103.0,7.6,0.0,3,B 3-5,2,0,,50095.0,1,All accounts
A-659280,FinTech,IN,2023-11-17,2023-11,event,Enterprise,13,B 6-20,paid,Yes,1,2024-11-22,371,1,1,27,18,268.0,22.5,15.0,2,A 0-2,4,0,4.33,21450.0,1,All accounts
A-84ebe4,FinTech,US,2023-03-12,2023-03,ads,Pro,18,B 6-20,paid,Yes,1,2024-01-20,314,0,0,15,14,131.0,10.4,11.0,1,A 0-2,4,0,4.0,27652.0,1,All accounts
A-2d1036,FinTech,US,2024-06-14,2024-06,ads,Pro,69,D 50+,paid,Yes,1,2024-10-28,136,0,0,14,12,144.0,14.6,8.0,2,A 0-2,5,1,4.6,46230.0,1,All accounts
A-902ef7,HealthTech,US,2024-09-03,2024-09,other,Enterprise,83,D 50+,paid,Yes,1,2024-09-26,23,1,1,2,2,21.0,1.4,1.0,2,A 0-2,2,0,4.0,44322.0,1,All accounts
A-1f559b,HealthTech,US,2023-09-04,2023-09,organic,Enterprise,5,A 1-5,paid,Yes,1,2024-09-28,390,0,0,21,17,215.0,18.8,11.0,1,A 0-2,5,0,4.2,10350.0,1,All accounts
A-098560,DevTools,UK,2023-10-21,2023-10,ads,Enterprise,1,A 1-5,paid,Yes,1,2024-09-04,319,1,1,17,15,180.0,17.0,10.0,2,A 0-2,2,1,3.0,11775.0,1,All accounts
A-08e34e,EdTech,US,2024-06-27,2024-06,event,Basic,14,B 6-20,paid,Yes,1,2024-09-01,66,0,0,10,9,111.0,8.1,2.0,5,B 3-5,3,0,3.0,21821.0,1,All accounts
A-2e3bad,FinTech,CA,2023-08-13,2023-08,other,Pro,61,D 50+,paid,No,0,,506,0,0,26,19,245.0,19.0,20.0,4,B 3-5,5,0,3.5,41724.0,1,All accounts
A-781cc0,EdTech,US,2024-09-04,2024-09,organic,Pro,12,B 6-20,paid,No,0,,118,1,1,19,13,192.0,19.9,4.0,5,B 3-5,4,0,3.67,14555.0,1,All accounts
A-20736a,EdTech,IN,2024-03-16,2024-03,organic,Enterprise,50,C 21-50,paid,No,0,,290,1,1,15,12,132.0,11.3,7.0,4,B 3-5,4,0,3.75,40525.0,1,All accounts
A-e7a1e2,Cybersecurity,US,2024-06-23,2024-06,event,Enterprise,3,A 1-5,paid,No,0,,191,0,0,18,16,184.0,14.7,5.0,1,A 0-2,1,0,4.0,19047.0,1,All accounts
A-cc1d8d,FinTech,US,2024-12-08,2024-12,other,Pro,5,A 1-5,paid,No,0,,23,1,1,1,1,11.0,1.6,0.0,1,A 0-2,5,0,4.5,8947.0,1,All accounts
A-65a46c,HealthTech,US,2023-11-04,2023-11,event,Pro,1,A 1-5,paid,No,0,,423,1,1,26,18,268.0,22.9,10.0,2,A 0-2,8,0,4.0,22675.0,1,All accounts
A-726cfa,DevTools,US,2023-07-01,2023-07,partner,Pro,11,B 6-20,paid,No,0,,549,1,1,75,36,754.0,58.6,29.0,8,C 6-10,3,0,4.0,34243.0,1,All accounts
A-e36807,EdTech,AU,2024-05-17,2024-05,other,Pro,6,B 6-20,paid,No,0,,228,0,0,17,13,148.0,14.5,10.0,3,B 3-5,2,0,4.5,10707.0,1,All accounts
A-3b37d9,FinTech,US,2023-01-27,2023-01,event,Enterprise,23,C 21-50,paid,No,0,,704,1,1,43,26,451.0,35.6,21.0,3,B 3-5,5,0,4.5,14858.0,1,All accounts
A-ff79f2,DevTools,US,2024-04-25,2024-04,ads,Basic,8,B 6-20,paid,Yes,1,,250,1,1,14,11,118.0,11.3,2.0,1,A 0-2,2,0,,23408.0,1,All accounts
A-54d94a,Cybersecurity,IN,2023-05-01,2023-05,event,Basic,27,C 21-50,trial,No,0,,610,1,1,47,27,450.0,38.2,15.0,3,B 3-5,4,0,3.5,12557.0,1,All accounts
A-9f9299,FinTech,US,2023-09-02,2023-09,organic,Enterprise,28,C 21-50,paid,No,0,,486,0,0,63,34,606.0,53.1,41.0,3,B 3-5,5,0,5.0,34087.0,1,All accounts
A-6da850,FinTech,IN,2023-10-07,2023-10,organic,Pro,5,A 1-5,paid,No,0,,451,1,1,34,23,347.0,26.1,22.0,3,B 3-5,5,0,4.0,16534.0,1,All accounts
A-940b8b,HealthTech,DE,2024-03-19,2024-03,organic,Basic,1,A 1-5,paid,No,0,,287,1,1,13,11,136.0,11.7,14.0,3,B 3-5,3,0,4.0,9640.0,1,All accounts
A-58b9ff,DevTools,IN,2024-05-31,2024-05,partner,Enterprise,2,A 1-5,trial,No,0,,214,1,1,22,15,230.0,19.5,11.0,4,B 3-5,2,1,4.0,22244.0,1,All accounts
A-4437e4,Cybersecurity,US,2023-09-16,2023-09,event,Enterprise,3,A 1-5,paid,No,0,,472,1,1,51,28,474.0,42.6,27.0,5,B 3-5,6,1,3.0,17831.0,1,All accounts
A-ccb686,DevTools,US,2024-01-22,2024-01,other,Basic,10,B 6-20,paid,No,0,,344,1,1,43,30,445.0,35.5,37.0,3,B 3-5,1,0,4.0,21351.0,1,All accounts
A-751c58,FinTech,UK,2024-07-18,2024-07,organic,Basic,15,B 6-20,paid,No,0,,166,1,1,15,13,166.0,16.2,8.0,3,B 3-5,5,0,4.33,19597.0,1,All accounts
A-9289f6,EdTech,US,2023-05-31,2023-05,event,Enterprise,1,A 1-5,paid,No,0,,580,1,1,49,30,474.0,40.8,27.0,4,B 3-5,6,0,4.33,12868.0,1,All accounts
A-484819,HealthTech,US,2023-02-21,2023-02,organic,Pro,18,B 6-20,paid,No,0,,679,1,1,29,22,289.0,27.9,16.0,2,A 0-2,5,0,4.5,15088.0,1,All accounts
A-7988d1,Cybersecurity,US,2023-12-20,2023-12,other,Basic,33,C 21-50,trial,No,0,,377,0,0,28,25,261.0,24.1,20.0,2,A 0-2,3,0,4.33,10065.0,1,All accounts
A-b44e3e,Cybersecurity,UK,2024-02-12,2024-02,ads,Basic,40,C 21-50,paid,No,0,,323,1,1,19,13,187.0,16.4,6.0,2,A 0-2,3,0,4.33,35561.0,1,All accounts
A-c9bb3e,EdTech,US,2024-03-24,2024-03,ads,Pro,5,A 1-5,paid,No,0,,282,1,1,14,10,128.0,13.4,6.0,2,A 0-2,7,1,4.2,13502.0,1,All accounts
A-c42f1f,HealthTech,US,2024-07-28,2024-07,other,Pro,8,B 6-20,paid,No,0,,156,1,1,4,4,30.0,2.2,2.0,1,A 0-2,9,1,4.0,4636.0,1,All accounts
A-8b25f2,Cybersecurity,US,2024-02-17,2024-02,ads,Pro,6,B 6-20,trial,Yes,1,,318,1,1,22,17,230.0,16.6,9.0,2,A 0-2,2,0,4.0,12965.0,1,All accounts
A-8ed5dd,EdTech,UK,2023-06-29,2023-06,event,Enterprise,5,A 1-5,paid,Yes,1,2024-11-02,492,1,1,37,24,364.0,34.4,31.0,1,A 0-2,6,0,3.75,11861.0,1,All accounts
A-7641d3,EdTech,US,2023-02-16,2023-02,partner,Pro,8,B 6-20,paid,Yes,1,2024-06-07,477,0,0,32,23,345.0,31.1,19.0,2,A 0-2,5,1,4.33,12060.0,1,All accounts
A-271f46,DevTools,US,2023-02-09,2023-02,event,Pro,38,C 21-50,paid,Yes,1,2024-08-09,547,0,0,31,23,300.0,26.2,13.0,2,A 0-2,1,0,,19604.0,1,All accounts
A-3be56b,HealthTech,IN,2023-10-26,2023-10,event,Pro,3,A 1-5,trial,Yes,1,2024-06-20,238,1,1,22,16,215.0,18.7,18.0,4,B 3-5,4,0,3.5,15325.0,1,All accounts
A-6a7c9d,Cybersecurity,US,2024-10-24,2024-10,organic,Enterprise,26,C 21-50,paid,Yes,1,2024-11-21,28,0,0,2,2,28.0,3.0,0.0,2,A 0-2,3,0,4.0,12135.0,1,All accounts
A-a33200,HealthTech,US,2024-09-15,2024-09,partner,Basic,29,C 21-50,paid,No,0,,107,1,1,7,6,68.0,5.1,1.0,2,A 0-2,3,0,4.5,23142.0,1,All accounts
A-c70870,Cybersecurity,US,2024-10-22,2024-10,partner,Basic,31,C 21-50,paid,No,0,,70,1,1,6,6,54.0,5.0,0.0,2,A 0-2,5,0,4.0,39614.0,1,All accounts
A-d40bf7,FinTech,IN,2024-11-08,2024-11,organic,Basic,59,D 50+,paid,No,0,,53,1,1,4,4,37.0,2.9,0.0,4,B 3-5,2,0,5.0,43247.0,1,All accounts
A-fe79a5,HealthTech,IN,2024-02-21,2024-02,ads,Basic,9,B 6-20,trial,No,0,,314,1,1,12,11,118.0,9.8,5.0,1,A 0-2,4,0,5.0,11741.0,1,All accounts
A-82d8a6,Cybersecurity,UK,2024-11-28,2024-11,ads,Basic,5,A 1-5,paid,No,0,,33,1,1,1,1,12.0,1.4,0.0,1,A 0-2,5,0,3.5,27626.0,1,All accounts
A-b7724f,HealthTech,UK,2023-03-28,2023-03,organic,Basic,1,A 1-5,paid,No,0,,644,0,0,33,27,332.0,23.7,14.0,1,A 0-2,3,0,3.0,2774.0,1,All accounts
A-dec005,HealthTech,US,2023-10-13,2023-10,partner,Pro,21,C 21-50,trial,No,0,,445,1,1,37,26,368.0,31.5,33.0,2,A 0-2,2,0,3.0,19998.0,1,All accounts
A-cc98bc,DevTools,US,2023-05-24,2023-05,ads,Basic,32,C 21-50,paid,No,0,,587,1,1,38,22,406.0,33.8,17.0,2,A 0-2,3,0,4.0,19999.0,1,All accounts
A-f03140,DevTools,IN,2023-11-22,2023-11,event,Pro,27,C 21-50,paid,No,0,,405,1,1,34,23,379.0,34.3,15.0,4,B 3-5,7,0,3.67,21075.0,1,All accounts
A-e51ec7,FinTech,CA,2023-09-23,2023-09,partner,Enterprise,2,A 1-5,paid,No,0,,465,1,1,26,19,264.0,24.1,11.0,2,A 0-2,3,0,5.0,24076.0,1,All accounts
A-dcc2f0,FinTech,UK,2023-07-22,2023-07,organic,Basic,15,B 6-20,paid,No,0,,528,1,1,55,32,608.0,50.6,23.0,6,C 6-10,2,0,,16758.0,1,All accounts
A-19b2c8,DevTools,IN,2023-06-06,2023-06,other,Pro,20,B 6-20,paid,No,0,,574,1,1,53,29,487.0,44.6,32.0,2,A 0-2,3,0,4.67,26703.0,1,All accounts
A-3932db,HealthTech,CA,2023-10-04,2023-10,other,Pro,19,B 6-20,paid,Yes,1,,454,1,1,35,24,333.0,28.2,23.0,1,A 0-2,6,0,4.33,14087.0,1,All accounts
A-bcf664,DevTools,US,2023-05-19,2023-05,other,Pro,5,A 1-5,paid,No,0,,592,0,0,48,26,487.0,41.1,23.0,5,B 3-5,5,1,4.0,11340.0,1,All accounts
A-9b9fe9,EdTech,AU,2023-09-28,2023-09,other,Basic,5,A 1-5,trial,No,0,,460,0,0,40,22,414.0,33.0,16.0,1,A 0-2,4,0,4.0,19480.0,1,All accounts
A-d77f4c,DevTools,US,2023-09-25,2023-09,partner,Pro,4,A 1-5,paid,No,0,,463,1,1,36,23,358.0,27.8,28.0,2,A 0-2,2,0,4.0,48378.0,1,All accounts
A-ad3abd,FinTech,US,2023-03-03,2023-03,event,Pro,44,C 21-50,paid,No,0,,669,0,0,26,17,259.0,22.0,11.0,2,A 0-2,3,0,3.0,13904.0,1,All accounts
A-068fc6,EdTech,US,2023-07-17,2023-07,event,Enterprise,35,C 21-50,paid,No,0,,533,1,1,46,29,457.0,40.0,24.0,5,B 3-5,5,0,4.33,22120.0,1,All accounts
A-1e1b80,FinTech,CA,2023-09-12,2023-09,other,Enterprise,50,C 21-50,paid,No,0,,476,1,1,44,30,436.0,35.1,28.0,4,B 3-5,6,0,3.2,48647.0,1,All accounts
A-e4144b,EdTech,UK,2024-10-22,2024-10,other,Pro,41,C 21-50,paid,No,0,,70,1,1,5,5,46.0,3.2,6.0,1,A 0-2,3,0,4.0,35424.0,1,All accounts
A-1ac5e0,DevTools,US,2024-10-20,2024-10,event,Basic,33,C 21-50,paid,Yes,1,,72,0,0,4,4,36.0,2.9,3.0,3,B 3-5,7,0,3.8,18249.0,1,All accounts
A-92a3af,Cybersecurity,IN,2024-07-07,2024-07,organic,Enterprise,25,C 21-50,paid,No,0,,177,0,0,18,16,191.0,17.2,17.0,4,B 3-5,4,1,4.0,34538.0,1,All accounts
A-812c5b,DevTools,CA,2024-02-25,2024-02,organic,Basic,55,D 50+,trial,Yes,1,2024-05-11,76,0,0,15,12,148.0,12.4,8.0,3,B 3-5,4,0,4.0,29884.0,1,All accounts
A-c608c8,DevTools,DE,2023-04-27,2023-04,ads,Pro,3,A 1-5,paid,Yes,1,2024-06-04,404,1,1,26,20,269.0,24.9,18.0,1,A 0-2,2,0,3.0,7325.0,1,All accounts
A-b30291,HealthTech,US,2024-04-05,2024-04,event,Basic,5,A 1-5,paid,Yes,1,2024-09-03,151,0,0,9,9,97.0,9.8,6.0,1,A 0-2,1,0,,5375.0,1,All accounts
A-7c6b6b,FinTech,US,2024-11-30,2024-11,other,Basic,6,B 6-20,paid,No,0,,31,0,0,1,1,7.0,1.0,1.0,1,A 0-2,5,0,4.33,3250.0,1,All accounts
A-b7b7b7,FinTech,US,2024-06-30,2024-06,event,Basic,24,C 21-50,paid,Yes,1,,184,1,1,15,13,157.0,13.4,8.0,2,A 0-2,3,0,5.0,28558.0,1,All accounts
A-8b0451,FinTech,UK,2024-09-16,2024-09,event,Enterprise,41,C 21-50,paid,No,0,,106,0,0,9,8,87.0,6.6,9.0,3,B 3-5,7,0,3.5,23550.0,1,All accounts
A-bcbe98,Cybersecurity,US,2024-07-29,2024-07,other,Enterprise,46,C 21-50,paid,No,0,,155,1,1,19,17,190.0,17.0,15.0,4,B 3-5,7,1,4.0,21666.0,1,All accounts
A-4f18f0,DevTools,CA,2024-04-21,2024-04,other,Pro,24,C 21-50,trial,No,0,,254,0,0,13,13,120.0,10.7,9.0,3,B 3-5,5,0,4.0,29333.0,1,All accounts
A-3a7284,FinTech,US,2024-11-17,2024-11,organic,Enterprise,31,C 21-50,paid,No,0,,44,1,1,4,4,45.0,4.0,0.0,3,B 3-5,3,0,3.5,32515.0,1,All accounts
A-cc102e,HealthTech,US,2024-04-15,2024-04,partner,Enterprise,13,B 6-20,paid,No,0,,260,1,1,14,13,129.0,11.9,13.0,3,B 3-5,4,0,4.33,8005.0,1,All accounts
A-30b4ca,EdTech,IN,2024-05-20,2024-05,organic,Basic,86,D 50+,paid,Yes,1,2024-09-01,104,0,0,7,7,60.0,5.6,3.0,2,A 0-2,3,0,4.0,75938.0,1,All accounts
A-0baac2,FinTech,DE,2024-05-30,2024-05,organic,Enterprise,14,B 6-20,paid,Yes,1,2024-12-24,208,0,0,6,6,55.0,3.5,1.0,2,A 0-2,6,0,4.33,9943.0,1,All accounts
A-b48f73,EdTech,AU,2024-11-13,2024-11,event,Pro,80,D 50+,paid,No,0,,48,0,0,1,1,10.0,0.7,0.0,1,A 0-2,3,0,4.0,28320.0,1,All accounts
A-f17767,DevTools,US,2023-01-30,2023-01,event,Enterprise,1,A 1-5,paid,Yes,1,2023-05-03,93,1,1,11,10,91.0,9.2,14.0,1,A 0-2,3,1,4.0,14914.0,1,All accounts
A-432483,Cybersecurity,US,2023-02-06,2023-02,ads,Pro,4,A 1-5,paid,No,0,,694,1,1,44,25,438.0,41.6,27.0,2,A 0-2,1,0,,22941.0,1,All accounts
A-3793ee,Cybersecurity,CA,2023-03-21,2023-03,organic,Enterprise,49,C 21-50,trial,No,0,,651,1,1,37,25,339.0,26.6,11.0,2,A 0-2,4,0,4.0,24304.0,1,All accounts
A-a45270,HealthTech,US,2024-06-24,2024-06,ads,Enterprise,3,A 1-5,paid,No,0,,190,1,1,11,10,104.0,6.7,12.0,3,B 3-5,4,0,4.0,19984.0,1,All accounts
A-9affe6,Cybersecurity,US,2023-03-22,2023-03,other,Pro,7,B 6-20,paid,No,0,,650,1,1,42,25,439.0,36.4,14.0,2,A 0-2,3,0,3.0,10142.0,1,All accounts
A-eb1312,FinTech,US,2024-09-16,2024-09,partner,Pro,25,C 21-50,paid,No,0,,106,1,1,10,8,119.0,7.9,4.0,1,A 0-2,1,0,5.0,17672.0,1,All accounts
A-59f724,HealthTech,US,2023-11-03,2023-11,other,Enterprise,3,A 1-5,paid,No,0,,424,1,1,41,27,429.0,37.8,23.0,1,A 0-2,4,0,4.25,9773.0,1,All accounts
A-b78bf8,DevTools,US,2024-11-15,2024-11,event,Pro,33,C 21-50,paid,No,0,,46,1,1,3,3,35.0,4.9,2.0,3,B 3-5,5,0,4.2,22423.0,1,All accounts
A-0a282f,DevTools,US,2024-08-27,2024-08,organic,Basic,1,A 1-5,paid,No,0,,126,1,1,14,11,120.0,8.3,5.0,3,B 3-5,3,0,4.67,13311.0,1,All accounts
A-fd9422,Cybersecurity,US,2024-04-04,2024-04,organic,Pro,58,D 50+,trial,No,0,,271,1,1,25,20,239.0,21.0,15.0,3,B 3-5,6,1,3.5,27028.0,1,All accounts
A-a8b49c,Cybersecurity,UK,2023-10-06,2023-10,partner,Basic,7,B 6-20,paid,No,0,,452,1,1,31,18,314.0,28.4,23.0,4,B 3-5,1,0,4.0,11567.0,1,All accounts
A-993085,HealthTech,US,2023-06-01,2023-06,ads,Basic,31,C 21-50,paid,No,0,,579,1,1,54,30,499.0,40.5,33.0,3,B 3-5,4,0,3.5,40098.0,1,All accounts
A-ae052e,FinTech,CA,2023-09-11,2023-09,other,Basic,39,C 21-50,trial,No,0,,477,1,1,20,18,209.0,17.6,8.0,1,A 0-2,4,0,4.0,3822.0,1,All accounts
A-2ebb4b,HealthTech,US,2023-05-15,2023-05,ads,Basic,41,C 21-50,trial,No,0,,596,1,1,41,24,407.0,36.1,32.0,1,A 0-2,2,0,3.0,28679.0,1,All accounts
A-faa28c,HealthTech,US,2024-01-30,2024-01,organic,Enterprise,48,C 21-50,paid,No,0,,336,1,1,32,22,334.0,27.8,18.0,6,C 6-10,4,1,4.67,39300.0,1,All accounts
A-9bfc9f,DevTools,CA,2023-09-14,2023-09,ads,Pro,53,D 50+,paid,No,0,,474,1,1,23,18,237.0,18.0,9.0,1,A 0-2,6,1,3.33,12745.0,1,All accounts
A-e83938,DevTools,UK,2023-11-21,2023-11,other,Pro,2,A 1-5,paid,Yes,1,2024-12-29,404,1,1,17,15,150.0,14.0,9.0,1,A 0-2,4,0,3.0,7503.0,1,All accounts
A-eafc6e,DevTools,US,2023-07-06,2023-07,partner,Pro,27,C 21-50,paid,Yes,1,2024-12-12,525,0,0,22,18,206.0,16.4,8.0,1,A 0-2,1,0,,16229.0,1,All accounts
A-692f18,EdTech,US,2024-03-28,2024-03,other,Basic,5,A 1-5,paid,Yes,1,2024-12-23,270,1,1,29,21,251.0,20.9,20.0,3,B 3-5,2,0,5.0,24978.0,1,All accounts
A-e61e98,FinTech,US,2023-10-20,2023-10,partner,Enterprise,19,B 6-20,paid,Yes,1,2024-10-19,365,1,1,31,22,285.0,20.0,17.0,2,A 0-2,6,1,4.6,13484.0,1,All accounts
A-e693b6,FinTech,AU,2023-05-25,2023-05,event,Enterprise,55,D 50+,paid,Yes,1,2024-10-10,504,1,1,42,23,460.0,39.8,17.0,2,A 0-2,1,0,3.0,30415.0,1,All accounts
A-4a267b,FinTech,US,2024-05-05,2024-05,other,Pro,25,C 21-50,paid,No,0,,240,1,1,14,10,145.0,12.4,9.0,1,A 0-2,4,0,4.33,22458.0,1,All accounts
A-4d1e75,DevTools,US,2024-08-21,2024-08,other,Basic,20,B 6-20,paid,No,0,,132,1,1,11,10,95.0,7.7,3.0,3,B 3-5,2,0,4.0,31390.0,1,All accounts
A-df1e44,Cybersecurity,UK,2024-02-23,2024-02,organic,Enterprise,12,B 6-20,trial,No,0,,312,1,1,17,13,156.0,13.0,5.0,1,A 0-2,2,0,5.0,10719.0,1,All accounts
A-e7beab,EdTech,DE,2023-10-20,2023-10,organic,Enterprise,5,A 1-5,paid,No,0,,438,0,0,19,14,203.0,18.0,5.0,1,A 0-2,6,0,4.0,5913.0,1,All accounts
A-e351e1,EdTech,US,2024-09-26,2024-09,other,Enterprise,33,C 21-50,paid,No,0,,96,0,0,6,6,69.0,6.6,3.0,3,B 3-5,4,0,3.75,2871.0,1,All accounts
A-8e47ca,HealthTech,US,2024-02-15,2024-02,organic,Pro,19,B 6-20,paid,No,0,,320,1,1,18,15,176.0,15.5,6.0,1,A 0-2,5,1,4.0,23145.0,1,All accounts
A-6965e1,DevTools,US,2024-11-25,2024-11,organic,Basic,13,B 6-20,trial,No,0,,36,1,1,2,2,21.0,1.5,1.0,1,A 0-2,3,0,3.0,27765.0,1,All accounts
A-39b19f,FinTech,US,2023-02-03,2023-02,partner,Enterprise,1,A 1-5,paid,No,0,,697,1,1,51,30,477.0,33.4,35.0,2,A 0-2,6,1,4.25,11902.0,1,All accounts
A-7f8241,EdTech,US,2023-03-14,2023-03,organic,Pro,34,C 21-50,paid,Yes,1,,658,1,1,66,34,653.0,55.5,37.0,5,B 3-5,1,0,3.0,39516.0,1,All accounts
A-c1dfe1,DevTools,DE,2023-08-07,2023-08,ads,Pro,26,C 21-50,paid,No,0,,512,1,1,32,19,298.0,27.6,24.0,3,B 3-5,3,0,4.0,25296.0,1,All accounts
A-cab532,DevTools,FR,2023-04-03,2023-04,organic,Pro,11,B 6-20,paid,No,0,,638,1,1,89,38,866.0,70.1,40.0,3,B 3-5,1,0,4.0,18569.0,1,All accounts
A-029f69,Cybersecurity,CA,2024-03-07,2024-03,event,Basic,3,A 1-5,paid,No,0,,299,1,1,27,21,244.0,20.4,19.0,3,B 3-5,2,0,3.0,13324.0,1,All accounts
A-50f3f7,HealthTech,US,2023-12-22,2023-12,partner,Basic,31,C 21-50,paid,Yes,1,,375,0,0,39,23,366.0,32.3,26.0,4,B 3-5,6,1,5.0,44077.0,1,All accounts
A-5a215a,EdTech,FR,2024-01-05,2024-01,other,Enterprise,87,D 50+,paid,No,0,,361,1,1,36,24,354.0,37.0,23.0,3,B 3-5,4,0,4.0,69687.0,1,All accounts
A-7f4db3,FinTech,US,2023-03-05,2023-03,other,Pro,4,A 1-5,paid,No,0,,667,0,0,85,35,785.0,71.5,45.0,8,C 6-10,5,1,3.25,21304.0,1,All accounts
A-09540c,Cybersecurity,CA,2023-10-30,2023-10,event,Basic,67,D 50+,paid,No,0,,428,1,1,13,10,144.0,13.4,8.0,1,A 0-2,2,0,4.5,22445.0,1,All accounts
A-337bc1,Cybersecurity,US,2023-07-19,2023-07,organic,Pro,30,C 21-50,paid,No,0,,531,1,1,27,21,263.0,22.9,16.0,2,A 0-2,4,1,4.0,19379.0,1,All accounts
A-e40f45,HealthTech,US,2024-04-18,2024-04,organic,Pro,21,C 21-50,paid,No,0,,257,1,1,18,17,156.0,12.6,8.0,3,B 3-5,7,0,4.33,11426.0,1,All accounts
A-68f37c,HealthTech,US,2023-07-15,2023-07,ads,Basic,4,A 1-5,paid,No,0,,535,1,1,48,27,458.0,40.0,27.0,3,B 3-5,5,0,4.0,31474.0,1,All accounts
A-ffc04f,EdTech,US,2024-06-06,2024-06,ads,Pro,13,B 6-20,paid,No,0,,208,0,0,27,23,268.0,21.3,19.0,4,B 3-5,7,1,4.5,17393.0,1,All accounts
A-6dee43,FinTech,UK,2023-08-12,2023-08,other,Basic,3,A 1-5,paid,No,0,,507,1,1,32,20,288.0,24.9,5.0,1,A 0-2,5,0,4.33,20075.0,1,All accounts
A-bb2f49,Cybersecurity,US,2023-05-28,2023-05,other,Pro,8,B 6-20,paid,No,0,,583,1,1,46,28,471.0,38.9,32.0,4,B 3-5,3,0,4.0,23990.0,1,All accounts
A-1b707d,Cybersecurity,US,2023-07-14,2023-07,organic,Enterprise,1,A 1-5,paid,No,0,,536,1,1,23,19,253.0,19.8,7.0,1,A 0-2,3,0,,9180.0,1,All accounts
A-10b8da,DevTools,US,2023-05-08,2023-05,partner,Enterprise,14,B 6-20,paid,Yes,1,,603,1,1,22,18,205.0,17.7,12.0,1,A 0-2,3,0,3.5,5404.0,1,All accounts
A-82861f,DevTools,UK,2024-04-25,2024-04,organic,Basic,41,C 21-50,paid,No,0,,250,0,0,17,16,153.0,13.4,16.0,1,A 0-2,5,0,3.2,32686.0,1,All accounts
A-ac85cd,EdTech,US,2024-07-31,2024-07,partner,Enterprise,53,D 50+,paid,No,0,,153,1,1,14,10,153.0,12.6,7.0,2,A 0-2,3,0,3.5,37663.0,1,All accounts
A-e1b9cd,DevTools,US,2023-02-26,2023-02,event,Pro,40,C 21-50,paid,Yes,1,2024-10-01,583,0,0,71,31,758.0,60.2,43.0,2,A 0-2,1,0,3.0,26362.0,1,All accounts
A-0dbdc6,Cybersecurity,DE,2023-02-12,2023-02,other,Pro,30,C 21-50,trial,Yes,1,2024-04-14,427,0,0,33,26,329.0,28.5,18.0,5,B 3-5,4,0,5.0,28273.0,1,All accounts
A-038089,DevTools,FR,2023-12-19,2023-12,other,Pro,5,A 1-5,paid,Yes,1,2024-12-25,372,0,0,9,9,97.0,8.8,4.0,2,A 0-2,6,0,3.67,2104.0,1,All accounts
A-65aeb5,DevTools,US,2024-01-25,2024-01,partner,Pro,9,B 6-20,paid,No,0,,341,0,0,31,24,329.0,26.2,29.0,4,B 3-5,2,0,5.0,19893.0,1,All accounts
A-13466a,DevTools,AU,2023-10-22,2023-10,event,Basic,2,A 1-5,paid,Yes,1,2024-04-18,179,0,0,6,4,47.0,3.4,3.0,1,A 0-2,3,1,4.33,171.0,1,All accounts
A-0f7d77,FinTech,IN,2024-10-28,2024-10,partner,Pro,3,A 1-5,paid,No,0,,64,0,0,5,5,51.0,4.4,6.0,2,A 0-2,5,0,5.0,2326.0,1,All accounts
A-76fa4d,HealthTech,US,2024-11-24,2024-11,event,Pro,69,D 50+,paid,No,0,,37,0,0,2,2,15.0,1.5,1.0,2,A 0-2,5,0,4.5,47955.0,1,All accounts
A-f44180,Cybersecurity,UK,2023-02-13,2023-02,event,Pro,9,B 6-20,paid,No,0,,687,0,0,47,24,472.0,41.8,20.0,2,A 0-2,2,0,5.0,9286.0,1,All accounts
A-22d9d2,DevTools,FR,2024-03-22,2024-03,event,Pro,8,B 6-20,paid,No,0,,284,1,1,36,24,378.0,33.1,26.0,5,B 3-5,6,1,4.0,14336.0,1,All accounts
A-af0cd2,Cybersecurity,IN,2023-01-03,2023-01,other,Enterprise,19,B 6-20,paid,No,0,,728,1,1,70,31,687.0,62.6,33.0,1,A 0-2,3,0,,5529.0,1,All accounts
A-02fac6,FinTech,US,2023-04-06,2023-04,event,Pro,22,C 21-50,paid,No,0,,635,1,1,50,30,491.0,43.8,29.0,1,A 0-2,6,0,4.0,26410.0,1,All accounts
A-702032,HealthTech,US,2023-10-03,2023-10,ads,Pro,28,C 21-50,paid,No,0,,455,1,1,14,12,159.0,13.9,6.0,2,A 0-2,4,0,3.0,7168.0,1,All accounts
A-d5a319,FinTech,US,2023-05-04,2023-05,other,Enterprise,15,B 6-20,trial,Yes,1,,607,1,1,44,28,449.0,43.4,34.0,4,B 3-5,1,1,4.0,37847.0,1,All accounts
A-396e5f,Cybersecurity,CA,2024-10-02,2024-10,other,Enterprise,2,A 1-5,paid,No,0,,90,1,1,10,7,101.0,9.7,5.0,3,B 3-5,5,1,4.0,10236.0,1,All accounts
A-96215d,FinTech,US,2024-08-08,2024-08,event,Enterprise,10,B 6-20,paid,No,0,,145,1,1,9,9,91.0,7.6,5.0,3,B 3-5,1,0,3.0,10312.0,1,All accounts
A-95b24a,FinTech,US,2023-06-06,2023-06,event,Pro,38,C 21-50,paid,Yes,1,,574,1,1,48,27,480.0,38.8,27.0,7,C 6-10,5,0,4.25,25034.0,1,All accounts
A-139c3b,HealthTech,US,2024-11-21,2024-11,organic,Enterprise,10,B 6-20,paid,Yes,1,,40,1,1,4,4,38.0,3.5,2.0,3,B 3-5,9,0,4.5,6822.0,1,All accounts
A-d3c88e,DevTools,US,2024-10-18,2024-10,event,Pro,16,B 6-20,paid,No,0,,74,1,1,6,6,52.0,4.6,5.0,1,A 0-2,3,0,4.0,26183.0,1,All accounts
A-52dd88,Cybersecurity,US,2023-02-21,2023-02,ads,Pro,23,C 21-50,paid,No,0,,679,1,1,46,26,468.0,43.8,28.0,2,A 0-2,1,0,,16592.0,1,All accounts
A-a1b80b,HealthTech,US,2023-11-27,2023-11,organic,Basic,16,B 6-20,paid,No,0,,400,1,1,37,23,392.0,26.6,26.0,2,A 0-2,4,0,4.0,34589.0,1,All accounts
A-3ce5b8,FinTech,IN,2023-09-07,2023-09,ads,Basic,8,B 6-20,paid,Yes,1,2024-09-18,377,0,0,25,18,260.0,21.8,11.0,2,A 0-2,10,0,3.71,16650.0,1,All accounts
A-4c56c9,FinTech,US,2023-12-20,2023-12,partner,Enterprise,9,B 6-20,paid,Yes,1,2024-04-05,107,0,0,13,11,142.0,10.9,11.0,4,B 3-5,5,0,3.75,16256.0,1,All accounts
A-d922bf,HealthTech,US,2023-09-08,2023-09,ads,Basic,5,A 1-5,paid,Yes,1,2024-12-06,455,0,0,25,18,254.0,19.4,8.0,3,B 3-5,7,1,3.33,14129.0,1,All accounts
A-e1462e,FinTech,UK,2023-03-12,2023-03,partner,Basic,15,B 6-20,paid,No,0,,660,1,1,31,22,301.0,23.6,20.0,2,A 0-2,2,0,3.5,12030.0,1,All accounts
A-a09355,FinTech,US,2024-08-10,2024-08,organic,Basic,14,B 6-20,paid,No,0,,143,0,0,14,12,144.0,8.3,10.0,1,A 0-2,5,0,4.0,33454.0,1,All accounts
A-712426,HealthTech,US,2024-11-10,2024-11,other,Enterprise,9,B 6-20,trial,No,0,,51,1,1,2,2,19.0,2.1,0.0,1,A 0-2,6,0,4.4,8671.0,1,All accounts
A-b07b56,DevTools,US,2024-11-08,2024-11,event,Pro,25,C 21-50,paid,Yes,1,2024-12-24,46,0,0,4,4,48.0,1.7,2.0,2,A 0-2,4,0,3.0,16984.0,1,All accounts
A-0be015,FinTech,US,2024-10-15,2024-10,event,Pro,19,B 6-20,paid,No,0,,77,0,0,2,2,22.0,1.7,0.0,2,A 0-2,7,1,4.2,817.0,1,All accounts
A-854864,FinTech,IN,2024-12-07,2024-12,event,Enterprise,20,B 6-20,paid,No,0,,24,0,0,2,2,17.0,0.3,0.0,2,A 0-2,5,0,4.8,14379.0,1,All accounts
A-f97b9a,FinTech,US,2023-07-09,2023-07,event,Pro,16,B 6-20,trial,No,0,,541,1,1,51,28,501.0,44.9,29.0,2,A 0-2,7,0,3.67,23833.0,1,All accounts
A-427b69,FinTech,US,2024-08-23,2024-08,other,Basic,17,B 6-20,paid,No,0,,130,0,0,11,11,96.0,7.9,13.0,2,A 0-2,2,0,3.0,18194.0,1,All accounts
A-e4bf56,HealthTech,IN,2024-10-28,2024-10,ads,Pro,17,B 6-20,paid,Yes,1,,64,0,0,6,6,51.0,4.9,0.0,3,B 3-5,8,0,3.67,11563.0,1,All accounts
A-c45b23,FinTech,UK,2023-12-08,2023-12,partner,Basic,5,A 1-5,paid,No,0,,389,0,0,30,23,304.0,24.9,15.0,1,A 0-2,3,0,3.0,3330.0,1,All accounts
A-56962b,EdTech,UK,2024-04-09,2024-04,partner,Enterprise,163,D 50+,trial,No,0,,266,1,1,11,9,101.0,7.4,12.0,1,A 0-2,4,0,3.0,54605.0,1,All accounts
A-a7bd4b,Cybersecurity,US,2023-02-15,2023-02,ads,Enterprise,5,A 1-5,paid,No,0,,685,1,1,52,29,553.0,45.3,36.0,4,B 3-5,6,0,3.25,5102.0,1,All accounts
A-9c18c4,HealthTech,US,2023-07-27,2023-07,ads,Pro,11,B 6-20,paid,Yes,1,,523,1,1,34,23,331.0,29.8,15.0,2,A 0-2,4,0,4.0,13814.0,1,All accounts
A-1b9609,EdTech,IN,2023-10-12,2023-10,ads,Enterprise,4,A 1-5,paid,No,0,,446,0,0,32,23,326.0,28.5,15.0,3,B 3-5,4,0,3.0,16614.0,1,All accounts
A-31ab9a,FinTech,DE,2024-03-03,2024-03,organic,Pro,3,A 1-5,paid,No,0,,303,0,0,15,13,143.0,14.0,12.0,1,A 0-2,7,0,3.5,15802.0,1,All accounts
A-4ef964,HealthTech,US,2024-03-07,2024-03,organic,Pro,17,B 6-20,paid,No,0,,299,0,0,27,19,275.0,21.6,25.0,1,A 0-2,3,0,4.0,13557.0,1,All accounts
A-ac14bb,FinTech,US,2023-09-08,2023-09,partner,Enterprise,21,C 21-50,paid,No,0,,480,1,1,32,24,316.0,27.3,29.0,2,A 0-2,2,0,4.0,20382.0,1,All accounts
A-3b5cd1,FinTech,US,2023-09-12,2023-09,event,Basic,13,B 6-20,trial,No,0,,476,1,1,40,24,416.0,39.2,17.0,3,B 3-5,5,0,4.0,23676.0,1,All accounts
A-90a8c8,FinTech,AU,2024-08-24,2024-08,organic,Pro,15,B 6-20,paid,No,0,,129,1,1,7,6,72.0,5.2,6.0,2,A 0-2,4,0,3.25,26514.0,1,All accounts
A-331424,DevTools,US,2023-11-06,2023-11,organic,Basic,11,B 6-20,trial,No,0,,421,0,0,13,10,142.0,13.7,5.0,2,A 0-2,2,0,,6567.0,1,All accounts
A-dcc3f1,HealthTech,US,2023-12-27,2023-12,event,Pro,21,C 21-50,paid,No,0,,370,0,0,20,18,234.0,13.9,16.0,1,A 0-2,9,0,3.8,12747.0,1,All accounts
A-5a92e7,HealthTech,US,2024-06-11,2024-06,ads,Pro,4,A 1-5,paid,No,0,,203,0,0,27,20,259.0,24.7,24.0,7,C 6-10,7,0,4.4,11666.0,1,All accounts
A-104f1a,Cybersecurity,US,2024-08-17,2024-08,other,Pro,24,C 21-50,paid,No,0,,136,0,0,8,8,70.0,7.8,5.0,1,A 0-2,5,1,3.75,6590.0,1,All accounts
A-34ea2f,HealthTech,US,2024-08-15,2024-08,organic,Enterprise,8,B 6-20,paid,Yes,1,2024-10-19,65,1,1,6,6,68.0,6.2,2.0,2,A 0-2,8,0,3.8,10404.0,1,All accounts
A-32fb14,DevTools,US,2023-03-07,2023-03,event,Enterprise,26,C 21-50,trial,Yes,1,2024-04-28,418,1,1,33,23,343.0,25.6,13.0,4,B 3-5,5,0,4.5,8775.0,1,All accounts
A-798a3f,DevTools,FR,2023-10-19,2023-10,other,Enterprise,12,B 6-20,paid,Yes,1,2024-07-19,274,1,1,17,11,165.0,11.7,6.0,1,A 0-2,5,0,4.0,13563.0,1,All accounts
A-439b2f,DevTools,US,2024-02-21,2024-02,ads,Enterprise,1,A 1-5,paid,Yes,1,2024-11-18,271,1,1,7,6,56.0,4.8,2.0,1,A 0-2,3,0,,1796.0,1,All accounts
A-249769,Cybersecurity,US,2024-04-25,2024-04,event,Enterprise,4,A 1-5,paid,Yes,1,2024-12-16,235,0,0,23,19,219.0,20.6,6.0,3,B 3-5,2,0,4.0,15717.0,1,All accounts
A-cbd1a3,DevTools,US,2024-11-25,2024-11,other,Basic,6,B 6-20,paid,Yes,1,,36,1,1,3,3,32.0,1.6,0.0,3,B 3-5,4,0,4.0,16351.0,1,All accounts
A-7dacce,Cybersecurity,CA,2024-09-10,2024-09,event,Enterprise,12,B 6-20,trial,Yes,1,2024-12-27,108,1,1,8,7,78.0,6.6,4.0,3,B 3-5,4,0,3.67,23057.0,1,All accounts
A-51ec1b,DevTools,US,2023-11-08,2023-11,ads,Enterprise,7,B 6-20,paid,No,0,,419,1,1,14,13,146.0,16.7,7.0,1,A 0-2,3,1,5.0,8567.0,1,All accounts
A-9174e0,Cybersecurity,US,2024-12-04,2024-12,partner,Basic,37,C 21-50,trial,No,0,,27,1,1,2,2,20.0,0.5,1.0,2,A 0-2,2,0,5.0,46613.0,1,All accounts
A-b54c01,DevTools,US,2024-09-29,2024-09,event,Enterprise,29,C 21-50,trial,No,0,,93,0,0,2,2,18.0,2.0,0.0,2,A 0-2,5,0,3.0,3393.0,1,All accounts
A-6e08f3,Cybersecurity,US,2023-02-27,2023-02,event,Basic,8,B 6-20,trial,No,0,,673,1,1,47,27,466.0,39.6,19.0,4,B 3-5,2,0,3.5,18190.0,1,All accounts
A-1f0ac7,HealthTech,UK,2023-08-27,2023-08,other,Basic,24,C 21-50,paid,No,0,,492,1,1,30,22,268.0,19.4,17.0,3,B 3-5,2,0,,9275.0,1,All accounts
A-186a44,HealthTech,US,2023-08-07,2023-08,ads,Enterprise,20,B 6-20,paid,No,0,,512,1,1,48,28,478.0,43.2,15.0,2,A 0-2,7,0,3.5,20609.0,1,All accounts
A-c62e55,EdTech,US,2023-02-08,2023-02,partner,Basic,1,A 1-5,paid,No,0,,692,1,1,31,23,327.0,23.8,13.0,2,A 0-2,4,0,4.0,11902.0,1,All accounts
A-832ec2,FinTech,UK,2023-11-19,2023-11,event,Enterprise,4,A 1-5,trial,No,0,,408,1,1,33,26,346.0,28.6,19.0,2,A 0-2,3,1,4.0,9299.0,1,All accounts
A-94f8c9,HealthTech,US,2024-03-29,2024-03,other,Basic,13,B 6-20,paid,No,0,,277,1,1,27,19,232.0,15.3,22.0,3,B 3-5,3,0,5.0,31989.0,1,All accounts
A-afa505,DevTools,US,2023-12-27,2023-12,partner,Basic,70,D 50+,paid,No,0,,370,1,1,24,21,240.0,20.5,11.0,1,A 0-2,4,1,3.0,62580.0,1,All accounts
A-dbc825,EdTech,FR,2024-01-07,2024-01,partner,Enterprise,19,B 6-20,paid,No,0,,359,1,1,35,23,367.0,26.3,22.0,2,A 0-2,6,1,4.0,25702.0,1,All accounts
A-883b7d,Cybersecurity,IN,2024-03-28,2024-03,other,Basic,17,B 6-20,paid,No,0,,278,0,0,27,20,249.0,21.2,18.0,1,A 0-2,7,1,3.6,28515.0,1,All accounts
A-558c72,FinTech,US,2023-06-01,2023-06,organic,Basic,12,B 6-20,paid,No,0,,579,1,1,25,17,248.0,18.3,13.0,1,A 0-2,4,1,4.5,6783.0,1,All accounts
A-1f0636,EdTech,AU,2024-01-01,2024-01,partner,Pro,105,D 50+,trial,No,0,,365,1,1,36,24,369.0,29.7,12.0,2,A 0-2,2,0,3.5,94710.0,1,All accounts
A-40a557,Cybersecurity,AU,2023-12-03,2023-12,partner,Pro,16,B 6-20,paid,No,0,,394,1,1,22,16,228.0,16.5,11.0,2,A 0-2,7,0,3.67,20140.0,1,All accounts
A-e888d1,Cybersecurity,US,2023-03-28,2023-03,other,Pro,14,B 6-20,paid,No,0,,644,1,1,43,27,448.0,35.9,31.0,1,A 0-2,5,1,4.0,10462.0,1,All accounts
A-313be3,EdTech,US,2023-11-15,2023-11,partner,Enterprise,47,C 21-50,trial,No,0,,412,1,1,31,23,300.0,25.8,21.0,2,A 0-2,4,1,5.0,19006.0,1,All accounts
A-ff3c73,HealthTech,AU,2023-01-26,2023-01,other,Pro,21,C 21-50,paid,No,0,,705,1,1,40,29,408.0,40.0,23.0,2,A 0-2,2,0,3.5,4335.0,1,All accounts
A-65c341,FinTech,US,2023-12-26,2023-12,ads,Pro,11,B 6-20,paid,No,0,,371,0,0,16,11,169.0,15.3,9.0,2,A 0-2,5,0,4.0,22466.0,1,All accounts
A-6f8ad2,EdTech,IN,2024-07-09,2024-07,organic,Basic,1,A 1-5,trial,No,0,,175,1,1,28,19,282.0,24.8,21.0,8,C 6-10,4,0,4.33,25046.0,1,All accounts
A-02cd81,HealthTech,IN,2024-03-28,2024-03,other,Basic,44,C 21-50,paid,No,0,,278,0,0,31,21,280.0,23.9,13.0,4,B 3-5,3,1,4.5,30800.0,1,All accounts
A-fd7ad3,Cybersecurity,US,2024-11-01,2024-11,event,Enterprise,1,A 1-5,trial,No,0,,60,1,1,4,4,37.0,2.6,3.0,4,B 3-5,8,1,4.17,904.0,1,All accounts
A-98a59a,FinTech,UK,2023-08-04,2023-08,partner,Enterprise,56,D 50+,paid,No,0,,515,1,1,32,24,335.0,25.1,8.0,2,A 0-2,3,0,4.5,36456.0,1,All accounts
A-53f4e3,Cybersecurity,UK,2024-06-14,2024-06,event,Enterprise,13,B 6-20,paid,No,0,,200,0,0,14,12,131.0,9.4,15.0,1,A 0-2,5,0,4.0,11092.0,1,All accounts
A-1e50e0,Cybersecurity,DE,2023-02-21,2023-02,other,Pro,19,B 6-20,paid,Yes,1,2024-04-26,430,1,1,10,10,89.0,6.3,5.0,3,B 3-5,2,1,5.0,13295.0,1,All accounts
A-425e76,DevTools,UK,2023-05-17,2023-05,other,Enterprise,8,B 6-20,paid,Yes,1,2024-10-22,524,1,1,32,24,300.0,28.7,17.0,3,B 3-5,5,1,3.33,10743.0,1,All accounts
A-bcf87c,FinTech,US,2024-06-27,2024-06,event,Pro,10,B 6-20,paid,Yes,1,,187,0,0,16,13,151.0,13.2,6.0,3,B 3-5,2,0,4.0,13611.0,1,All accounts
A-fa2041,HealthTech,US,2024-05-29,2024-05,organic,Pro,15,B 6-20,trial,No,0,,216,0,0,17,15,153.0,10.9,12.0,4,B 3-5,1,0,3.0,20915.0,1,All accounts
A-bb3bd4,HealthTech,US,2024-01-27,2024-01,ads,Basic,23,C 21-50,paid,No,0,,339,1,1,14,11,159.0,9.5,7.0,3,B 3-5,11,0,4.14,7452.0,1,All accounts
A-44dc83,EdTech,FR,2024-05-12,2024-05,other,Basic,5,A 1-5,paid,No,0,,233,0,0,7,7,83.0,8.1,3.0,2,A 0-2,7,0,4.6,456.0,1,All accounts
A-c43359,FinTech,US,2024-11-16,2024-11,organic,Pro,38,C 21-50,paid,No,0,,45,1,1,4,4,40.0,4.7,2.0,1,A 0-2,3,0,4.0,10868.0,1,All accounts
A-ccabf0,HealthTech,IN,2023-11-06,2023-11,organic,Pro,1,A 1-5,paid,No,0,,421,0,0,31,26,316.0,29.0,16.0,1,A 0-2,4,0,3.67,22281.0,1,All accounts
A-3cc791,EdTech,US,2024-01-10,2024-01,other,Enterprise,6,B 6-20,trial,No,0,,356,0,0,22,17,217.0,20.0,17.0,3,B 3-5,6,1,4.25,8522.0,1,All accounts
A-94d3da,HealthTech,US,2023-05-03,2023-05,other,Basic,41,C 21-50,paid,No,0,,608,1,1,41,28,393.0,33.9,21.0,2,A 0-2,6,0,3.5,20664.0,1,All accounts
A-7da956,Cybersecurity,US,2024-06-02,2024-06,event,Pro,13,B 6-20,trial,No,0,,212,1,1,18,16,184.0,15.7,10.0,1,A 0-2,3,0,5.0,7930.0,1,All accounts
A-86902e,HealthTech,IN,2023-05-02,2023-05,other,Enterprise,34,C 21-50,trial,No,0,,609,1,1,47,26,462.0,37.3,33.0,2,A 0-2,9,0,3.5,36041.0,1,All accounts
A-d792a6,DevTools,US,2023-01-23,2023-01,organic,Enterprise,4,A 1-5,paid,No,0,,708,1,1,66,32,660.0,54.1,40.0,1,A 0-2,5,0,4.0,22954.0,1,All accounts
A-7d514c,HealthTech,DE,2024-02-03,2024-02,organic,Enterprise,17,B 6-20,trial,No,0,,332,1,1,22,18,238.0,17.2,18.0,2,A 0-2,3,0,5.0,15717.0,1,All accounts
A-9f0b68,EdTech,US,2024-04-28,2024-04,ads,Basic,10,B 6-20,paid,No,0,,247,1,1,25,16,253.0,17.0,9.0,4,B 3-5,3,0,3.0,28518.0,1,All accounts
A-0aaf6e,FinTech,US,2024-05-11,2024-05,organic,Enterprise,3,A 1-5,paid,No,0,,234,0,0,19,13,179.0,15.4,8.0,3,B 3-5,5,0,4.0,23496.0,1,All accounts
A-bbc346,FinTech,US,2024-08-29,2024-08,partner,Enterprise,19,B 6-20,paid,No,0,,124,1,1,12,9,126.0,7.9,6.0,4,B 3-5,3,0,4.5,32142.0,1,All accounts
A-42b791,FinTech,AU,2024-05-20,2024-05,event,Pro,3,A 1-5,paid,No,0,,225,0,0,11,10,100.0,7.6,2.0,2,A 0-2,3,0,4.0,18547.0,1,All accounts
A-1986ca,HealthTech,IN,2023-01-30,2023-01,ads,Pro,20,B 6-20,paid,No,0,,701,1,1,36,26,350.0,27.6,23.0,2,A 0-2,7,0,3.4,27661.0,1,All accounts
A-a865bd,Cybersecurity,US,2023-09-19,2023-09,organic,Pro,38,C 21-50,paid,No,0,,469,0,0,13,11,128.0,11.0,6.0,1,A 0-2,2,0,3.0,21022.0,1,All accounts
A-5f7781,DevTools,US,2024-08-20,2024-08,other,Pro,22,C 21-50,trial,No,0,,133,1,1,5,5,43.0,4.3,3.0,3,B 3-5,2,0,4.0,10252.0,1,All accounts
A-bece89,Cybersecurity,IN,2023-12-01,2023-12,event,Pro,26,C 21-50,paid,No,0,,396,1,1,10,9,90.0,6.0,9.0,1,A 0-2,4,1,4.0,19250.0,1,All accounts
A-b2225d,FinTech,US,2024-03-08,2024-03,ads,Basic,47,C 21-50,trial,Yes,1,2024-06-27,111,1,1,14,12,125.0,11.5,5.0,4,B 3-5,2,0,3.0,19088.0,1,All accounts
A-180abf,DevTools,US,2023-08-14,2023-08,event,Pro,64,D 50+,paid,Yes,1,2024-09-12,395,1,1,26,22,274.0,21.1,16.0,2,A 0-2,3,0,3.0,24576.0,1,All accounts
A-970c97,HealthTech,DE,2024-03-01,2024-03,other,Enterprise,14,B 6-20,paid,No,0,,305,0,0,14,11,145.0,13.3,8.0,1,A 0-2,1,0,5.0,14868.0,1,All accounts
A-86fc1d,DevTools,UK,2024-07-26,2024-07,partner,Basic,26,C 21-50,paid,No,0,,158,1,1,9,9,89.0,6.2,6.0,2,A 0-2,5,0,4.0,14687.0,1,All accounts
A-592832,Cybersecurity,US,2024-09-25,2024-09,organic,Basic,18,B 6-20,paid,Yes,1,2024-10-04,9,1,1,4,4,50.0,5.2,4.0,7,C 6-10,3,0,5.0,26833.0,1,All accounts
A-4e44e8,DevTools,US,2024-08-20,2024-08,ads,Enterprise,3,A 1-5,paid,Yes,1,2024-10-11,52,1,1,7,5,73.0,5.0,10.0,5,B 3-5,3,0,3.33,20531.0,1,All accounts
A-309e54,DevTools,US,2024-12-09,2024-12,other,Pro,15,B 6-20,trial,No,0,,22,0,0,1,1,8.0,1.2,1.0,1,A 0-2,5,0,3.0,26932.0,1,All accounts
A-d4e0d4,FinTech,US,2024-10-18,2024-10,other,Basic,117,D 50+,paid,No,0,,74,1,1,2,2,13.0,1.0,1.0,1,A 0-2,4,0,4.0,114777.0,1,All accounts
A-c7ffc2,Cybersecurity,US,2023-01-27,2023-01,partner,Pro,30,C 21-50,paid,No,0,,704,1,1,57,30,591.0,50.5,23.0,2,A 0-2,2,0,3.0,36112.0,1,All accounts
A-600734,DevTools,US,2023-11-14,2023-11,organic,Pro,29,C 21-50,paid,Yes,1,,413,1,1,40,26,387.0,29.5,15.0,1,A 0-2,7,1,3.67,16711.0,1,All accounts
A-80eeb6,Cybersecurity,UK,2023-05-09,2023-05,organic,Enterprise,22,C 21-50,paid,No,0,,602,1,1,66,34,628.0,53.0,34.0,4,B 3-5,4,1,3.67,58291.0,1,All accounts
A-cea1f0,FinTech,US,2024-04-07,2024-04,event,Pro,8,B 6-20,paid,Yes,1,,268,1,1,23,17,243.0,21.7,9.0,5,B 3-5,5,0,4.33,12244.0,1,All accounts
A-526d93,HealthTech,FR,2024-04-14,2024-04,organic,Basic,43,C 21-50,paid,No,0,,261,1,1,19,13,207.0,13.5,6.0,1,A 0-2,5,1,3.5,30644.0,1,All accounts
A-e3bd71,Cybersecurity,US,2023-03-25,2023-03,partner,Basic,31,C 21-50,paid,No,0,,647,1,1,53,30,564.0,47.4,20.0,1,A 0-2,4,0,4.0,35461.0,1,All accounts
A-96bbc6,Cybersecurity,US,2024-05-07,2024-05,organic,Enterprise,39,C 21-50,paid,No,0,,238,1,1,21,18,199.0,16.1,10.0,1,A 0-2,3,0,3.33,30426.0,1,All accounts
A-35083d,HealthTech,IN,2023-04-28,2023-04,partner,Basic,19,B 6-20,trial,Yes,1,,613,1,1,62,28,672.0,58.8,28.0,4,B 3-5,4,0,5.0,31502.0,1,All accounts
A-1f7acb,FinTech,UK,2023-08-06,2023-08,ads,Basic,64,D 50+,paid,No,0,,513,1,1,43,24,412.0,35.3,39.0,3,B 3-5,7,0,4.4,46912.0,1,All accounts
A-922109,Cybersecurity,US,2024-01-26,2024-01,ads,Pro,3,A 1-5,paid,No,0,,340,0,0,43,27,447.0,42.1,14.0,6,C 6-10,3,0,3.0,13677.0,1,All accounts
A-4c38bc,HealthTech,UK,2024-03-09,2024-03,event,Basic,36,C 21-50,paid,Yes,1,,297,1,1,35,27,335.0,31.1,11.0,1,A 0-2,3,0,3.5,45612.0,1,All accounts
A-88c6ca,FinTech,DE,2024-10-25,2024-10,ads,Basic,5,A 1-5,paid,Yes,1,,67,0,0,5,5,50.0,4.6,2.0,1,A 0-2,1,0,,6449.0,1,All accounts
A-cb6cc6,DevTools,US,2023-04-03,2023-04,ads,Basic,13,B 6-20,trial,No,0,,638,1,1,30,21,272.0,23.4,26.0,2,A 0-2,3,0,3.5,2622.0,1,All accounts
A-0e966d,FinTech,IN,2024-06-25,2024-06,ads,Basic,11,B 6-20,paid,Yes,1,,189,0,0,17,13,172.0,12.1,7.0,1,A 0-2,3,1,4.5,12236.0,1,All accounts
A-72799b,DevTools,FR,2023-11-13,2023-11,event,Enterprise,20,B 6-20,paid,Yes,1,2024-05-05,174,1,1,10,9,82.0,7.8,6.0,1,A 0-2,2,1,4.5,16935.0,1,All accounts
A-ce550d,HealthTech,US,2024-10-27,2024-10,event,Enterprise,35,C 21-50,paid,Yes,1,2024-12-28,62,1,1,8,8,72.0,7.5,6.0,5,B 3-5,7,1,3.8,25355.0,1,All accounts
A-462d45,Cybersecurity,US,2024-01-15,2024-01,partner,Enterprise,11,B 6-20,paid,No,0,,351,1,1,26,21,247.0,16.0,7.0,2,A 0-2,4,0,4.0,18752.0,1,All accounts
A-463db0,HealthTech,US,2024-12-05,2024-12,partner,Basic,15,B 6-20,paid,No,0,,26,0,0,1,1,11.0,0.2,0.0,1,A 0-2,6,1,4.25,13266.0,1,All accounts
A-fce879,EdTech,UK,2024-09-24,2024-09,partner,Pro,10,B 6-20,paid,Yes,1,2024-12-03,70,0,0,3,3,48.0,4.0,1.0,1,A 0-2,2,0,4.0,6797.0,1,All accounts
A-f25509,EdTech,US,2024-03-22,2024-03,other,Enterprise,32,C 21-50,paid,No,0,,284,0,0,9,8,97.0,8.9,5.0,2,A 0-2,6,0,4.67,16122.0,1,All accounts
A-fb186e,EdTech,IN,2024-10-27,2024-10,organic,Basic,29,C 21-50,trial,No,0,,65,0,0,1,1,13.0,1.9,0.0,1,A 0-2,6,0,3.67,5771.0,1,All accounts
A-8adedc,EdTech,US,2024-02-11,2024-02,event,Basic,4,A 1-5,paid,Yes,1,,324,0,0,25,19,240.0,17.1,21.0,3,B 3-5,4,0,4.0,13801.0,1,All accounts
A-3a5ad8,HealthTech,US,2023-12-05,2023-12,organic,Enterprise,9,B 6-20,trial,No,0,,392,1,1,24,18,232.0,14.3,16.0,2,A 0-2,4,0,4.5,28701.0,1,All accounts
A-4a4c2d,DevTools,US,2023-05-02,2023-05,event,Enterprise,54,D 50+,paid,No,0,,609,1,1,53,27,519.0,39.8,34.0,3,B 3-5,5,0,4.25,32940.0,1,All accounts
A-054577,EdTech,UK,2024-04-28,2024-04,ads,Basic,2,A 1-5,paid,No,0,,247,1,1,16,15,166.0,15.7,8.0,2,A 0-2,1,0,4.0,44145.0,1,All accounts
A-10b8f2,HealthTech,DE,2023-01-11,2023-01,organic,Basic,47,C 21-50,trial,No,0,,720,1,1,56,29,560.0,48.1,23.0,4,B 3-5,3,0,4.33,30719.0,1,All accounts
A-00bed1,Cybersecurity,US,2023-11-14,2023-11,ads,Basic,28,C 21-50,paid,No,0,,413,1,1,32,21,313.0,25.9,19.0,3,B 3-5,4,0,4.0,33506.0,1,All accounts
A-5a3eb9,DevTools,CA,2023-08-20,2023-08,other,Enterprise,18,B 6-20,paid,No,0,,499,0,0,49,31,502.0,41.5,21.0,4,B 3-5,3,0,,19411.0,1,All accounts
A-fda07f,Cybersecurity,FR,2024-08-11,2024-08,partner,Basic,7,B 6-20,paid,No,0,,142,1,1,11,9,132.0,15.0,6.0,2,A 0-2,5,0,4.0,28418.0,1,All accounts
A-a0ca4e,Cybersecurity,US,2024-03-08,2024-03,ads,Pro,11,B 6-20,paid,No,0,,298,0,0,19,15,180.0,16.0,7.0,2,A 0-2,6,1,3.8,16633.0,1,All accounts
A-f3ff05,FinTech,IN,2024-07-06,2024-07,other,Enterprise,2,A 1-5,paid,No,0,,178,1,1,15,10,141.0,12.1,11.0,2,A 0-2,3,0,3.5,19427.0,1,All accounts
A-f51f16,HealthTech,US,2023-12-25,2023-12,partner,Enterprise,1,A 1-5,paid,No,0,,372,1,1,19,16,190.0,18.4,14.0,3,B 3-5,4,0,3.0,13261.0,1,All accounts
A-34d880,Cybersecurity,AU,2024-04-11,2024-04,ads,Enterprise,4,A 1-5,paid,No,0,,264,0,0,16,14,156.0,13.6,17.0,2,A 0-2,5,0,3.0,20185.0,1,All accounts
A-9123ac,Cybersecurity,DE,2023-06-20,2023-06,organic,Pro,9,B 6-20,paid,No,0,,560,0,0,26,23,275.0,24.0,19.0,5,B 3-5,6,0,4.2,14751.0,1,All accounts
A-7f6b86,HealthTech,US,2023-08-24,2023-08,partner,Basic,45,C 21-50,trial,Yes,1,2024-07-10,321,1,1,21,18,219.0,24.6,4.0,2,A 0-2,7,0,3.67,17197.0,1,All accounts
A-d26ab4,DevTools,UK,2024-11-07,2024-11,organic,Basic,9,B 6-20,trial,Yes,1,2024-12-26,49,0,0,3,3,36.0,0.9,0.0,2,A 0-2,2,0,4.0,15731.0,1,All accounts
A-d49cc5,Cybersecurity,FR,2023-09-19,2023-09,event,Basic,50,C 21-50,paid,No,0,,469,0,0,21,15,240.0,25.4,18.0,5,B 3-5,4,0,4.5,13325.0,1,All accounts
A-b7ef83,Cybersecurity,UK,2024-05-29,2024-05,partner,Pro,1,A 1-5,paid,No,0,,216,1,1,19,14,198.0,14.2,8.0,2,A 0-2,2,0,4.0,26913.0,1,All accounts
A-684255,FinTech,US,2024-04-14,2024-04,ads,Enterprise,9,B 6-20,paid,No,0,,261,1,1,23,19,224.0,18.9,16.0,4,B 3-5,4,1,4.67,10864.0,1,All accounts
A-09316c,FinTech,AU,2024-09-11,2024-09,organic,Enterprise,70,D 50+,paid,No,0,,111,1,1,6,6,65.0,5.7,5.0,1,A 0-2,4,1,3.75,70000.0,1,All accounts
A-f1f639,EdTech,US,2023-02-26,2023-02,ads,Basic,2,A 1-5,paid,No,0,,674,1,1,12,10,128.0,11.1,9.0,1,A 0-2,7,0,4.8,2919.0,1,All accounts
A-443f6f,Cybersecurity,US,2024-12-07,2024-12,organic,Basic,19,B 6-20,paid,No,0,,24,1,1,4,4,38.0,3.6,3.0,4,B 3-5,4,0,4.67,12663.0,1,All accounts
A-bd4513,DevTools,AU,2024-11-06,2024-11,event,Enterprise,50,C 21-50,paid,No,0,,55,1,1,4,4,35.0,3.7,0.0,2,A 0-2,3,0,4.67,48804.0,1,All accounts
A-6f50ae,FinTech,US,2023-09-21,2023-09,partner,Pro,19,B 6-20,paid,Yes,1,2024-02-26,158,0,0,14,12,116.0,9.2,7.0,1,A 0-2,5,0,4.5,26608.0,1,All accounts
A-9a532a,HealthTech,US,2024-07-06,2024-07,partner,Enterprise,11,B 6-20,paid,No,0,,178,0,0,6,6,73.0,8.0,3.0,1,A 0-2,2,0,,10945.0,1,All accounts
A-aa9511,DevTools,US,2023-10-10,2023-10,other,Pro,23,C 21-50,paid,No,0,,448,0,0,42,26,386.0,31.6,25.0,4,B 3-5,2,0,4.0,55995.0,1,All accounts
A-474ad4,EdTech,US,2023-11-28,2023-11,organic,Basic,8,B 6-20,paid,No,0,,399,1,1,40,27,369.0,30.4,23.0,3,B 3-5,3,1,5.0,10533.0,1,All accounts
A-4e631b,FinTech,US,2024-03-16,2024-03,other,Enterprise,22,C 21-50,paid,No,0,,290,1,1,30,27,307.0,26.6,24.0,6,C 6-10,2,0,4.0,24398.0,1,All accounts
A-5b4ebb,Cybersecurity,UK,2024-07-10,2024-07,other,Basic,21,C 21-50,paid,Yes,1,,174,1,1,17,15,167.0,12.9,1.0,4,B 3-5,5,0,4.75,27404.0,1,All accounts
A-4e0e85,DevTools,US,2023-09-08,2023-09,organic,Enterprise,6,B 6-20,trial,No,0,,480,1,1,24,17,224.0,16.4,9.0,3,B 3-5,2,0,5.0,4544.0,1,All accounts
A-df10db,DevTools,US,2023-06-06,2023-06,other,Enterprise,2,A 1-5,paid,No,0,,574,1,1,47,29,522.0,48.0,34.0,2,A 0-2,2,1,3.0,11464.0,1,All accounts
A-2bc93d,HealthTech,US,2023-03-14,2023-03,event,Basic,14,B 6-20,paid,No,0,,658,1,1,61,32,611.0,55.5,21.0,4,B 3-5,2,0,4.5,32128.0,1,All accounts
A-e5d6ab,EdTech,US,2023-04-15,2023-04,partner,Pro,3,A 1-5,paid,No,0,,626,0,0,34,26,325.0,23.6,20.0,2,A 0-2,3,0,,12383.0,1,All accounts
A-956988,EdTech,UK,2024-11-30,2024-11,ads,Enterprise,1,A 1-5,trial,No,0,,31,0,0,2,2,15.0,0.4,6.0,2,A 0-2,2,0,3.0,29407.0,1,All accounts
A-f6b2fb,DevTools,AU,2024-04-23,2024-04,event,Basic,23,C 21-50,paid,No,0,,252,1,1,16,14,139.0,11.1,12.0,3,B 3-5,5,1,4.0,22232.0,1,All accounts
A-0158bb,FinTech,DE,2024-05-22,2024-05,partner,Basic,5,A 1-5,trial,No,0,,223,1,1,11,9,99.0,8.2,4.0,1,A 0-2,1,0,3.0,4070.0,1,All accounts
A-151c9a,FinTech,US,2023-01-27,2023-01,ads,Enterprise,23,C 21-50,paid,No,0,,704,0,0,33,27,353.0,31.4,14.0,1,A 0-2,2,0,3.5,14250.0,1,All accounts
A-d4ac0e,DevTools,UK,2024-04-20,2024-04,ads,Basic,18,B 6-20,trial,No,0,,255,1,1,26,19,246.0,20.9,17.0,3,B 3-5,4,0,3.5,27215.0,1,All accounts
A-40906c,EdTech,US,2024-03-27,2024-03,ads,Basic,92,D 50+,trial,No,0,,279,0,0,23,17,231.0,22.8,9.0,3,B 3-5,5,0,3.75,64400.0,1,All accounts
A-296d7c,DevTools,DE,2023-11-08,2023-11,other,Enterprise,2,A 1-5,paid,No,0,,419,0,0,21,15,246.0,21.8,12.0,1,A 0-2,5,0,3.75,1989.0,1,All accounts
A-378b99,EdTech,UK,2024-09-01,2024-09,ads,Pro,8,B 6-20,paid,No,0,,121,1,1,9,9,93.0,8.9,1.0,1,A 0-2,6,0,4.5,10524.0,1,All accounts
A-533452,DevTools,AU,2024-11-12,2024-11,organic,Pro,9,B 6-20,paid,No,0,,49,1,1,5,4,34.0,3.7,3.0,4,B 3-5,4,0,4.0,20223.0,1,All accounts
A-cb5333,DevTools,US,2024-03-26,2024-03,ads,Pro,33,C 21-50,paid,No,0,,280,0,0,31,22,310.0,29.2,16.0,1,A 0-2,4,0,3.0,24639.0,1,All accounts
A-118d55,Cybersecurity,US,2024-10-22,2024-10,organic,Basic,8,B 6-20,paid,No,0,,70,1,1,5,5,42.0,3.4,2.0,2,A 0-2,5,0,4.33,18148.0,1,All accounts
A-69fad4,FinTech,UK,2023-04-06,2023-04,ads,Basic,6,B 6-20,paid,Yes,1,2024-06-17,438,0,0,23,17,250.0,22.0,17.0,3,B 3-5,4,0,3.67,3678.0,1,All accounts
A-7df7a7,DevTools,US,2023-01-28,2023-01,organic,Basic,7,B 6-20,paid,Yes,1,2024-07-10,529,0,0,61,31,637.0,46.7,25.0,4,B 3-5,3,1,4.0,26568.0,1,All accounts
A-712f1c,DevTools,US,2023-12-16,2023-12,ads,Basic,17,B 6-20,paid,Yes,1,2024-10-24,313,1,1,25,19,207.0,17.2,12.0,4,B 3-5,6,0,4.0,39616.0,1,All accounts
A-eb2fdc,DevTools,AU,2023-11-21,2023-11,organic,Enterprise,31,C 21-50,paid,Yes,1,2024-05-26,187,0,0,12,9,114.0,10.2,4.0,4,B 3-5,5,0,4.5,30351.0,1,All accounts
A-c222ab,Cybersecurity,US,2024-05-10,2024-05,other,Pro,32,C 21-50,paid,Yes,1,2024-10-05,148,1,1,10,10,92.0,9.7,10.0,2,A 0-2,4,0,5.0,18048.0,1,All accounts
A-d27f50,Cybersecurity,UK,2024-07-20,2024-07,ads,Enterprise,44,C 21-50,paid,No,0,,164,1,1,9,8,74.0,7.3,4.0,1,A 0-2,4,0,3.75,25671.0,1,All accounts
A-1b7577,Cybersecurity,US,2024-10-27,2024-10,other,Pro,4,A 1-5,paid,No,0,,65,0,0,6,5,69.0,8.0,3.0,3,B 3-5,5,0,4.0,8505.0,1,All accounts
A-ba6516,FinTech,US,2023-10-29,2023-10,ads,Pro,27,C 21-50,paid,No,0,,429,1,1,37,26,390.0,35.4,14.0,1,A 0-2,6,0,4.0,28379.0,1,All accounts
A-7c5768,HealthTech,UK,2024-03-02,2024-03,event,Enterprise,3,A 1-5,paid,No,0,,304,0,0,18,13,176.0,16.1,14.0,3,B 3-5,5,0,4.0,3389.0,1,All accounts
A-d82ef9,EdTech,UK,2024-07-02,2024-07,other,Basic,26,C 21-50,trial,Yes,1,2024-08-06,35,1,1,6,6,57.0,6.0,4.0,6,C 6-10,5,1,4.25,13320.0,1,All accounts
A-fabe19,DevTools,UK,2024-11-11,2024-11,ads,Enterprise,1,A 1-5,paid,No,0,,50,1,1,5,5,54.0,7.4,1.0,3,B 3-5,3,0,4.0,9552.0,1,All accounts
A-cd458b,DevTools,US,2024-06-15,2024-06,other,Basic,10,B 6-20,paid,No,0,,199,0,0,25,19,239.0,17.7,12.0,5,B 3-5,5,0,4.6,42740.0,1,All accounts
A-de58ca,HealthTech,DE,2023-04-13,2023-04,organic,Enterprise,15,B 6-20,paid,No,0,,628,0,0,38,25,382.0,30.9,24.0,1,A 0-2,5,0,3.33,22277.0,1,All accounts
A-92a333,FinTech,US,2023-03-24,2023-03,event,Enterprise,9,B 6-20,paid,No,0,,648,0,0,34,22,349.0,27.5,28.0,1,A 0-2,4,1,,10659.0,1,All accounts
A-ee42db,EdTech,DE,2023-04-25,2023-04,ads,Enterprise,13,B 6-20,paid,No,0,,616,1,1,47,30,446.0,37.2,30.0,4,B 3-5,4,0,3.0,11567.0,1,All accounts
A-a6d261,FinTech,CA,2023-11-29,2023-11,other,Pro,9,B 6-20,paid,No,0,,398,1,1,33,25,344.0,29.5,17.0,1,A 0-2,4,1,4.67,17694.0,1,All accounts
A-a1bbb6,DevTools,CA,2023-04-05,2023-04,organic,Basic,1,A 1-5,paid,No,0,,636,0,0,31,22,290.0,27.0,16.0,2,A 0-2,3,0,4.0,14157.0,1,All accounts
A-1619f8,DevTools,US,2024-05-20,2024-05,organic,Pro,29,C 21-50,paid,No,0,,225,1,1,15,13,163.0,16.5,5.0,1,A 0-2,3,0,5.0,19790.0,1,All accounts
A-6a4e2d,EdTech,UK,2023-04-07,2023-04,partner,Pro,9,B 6-20,trial,No,0,,634,1,1,53,26,546.0,44.4,26.0,1,A 0-2,2,1,4.5,9537.0,1,All accounts
A-8bde0c,DevTools,US,2024-11-04,2024-11,organic,Basic,12,B 6-20,paid,No,0,,57,1,1,3,3,19.0,2.1,6.0,2,A 0-2,3,0,4.0,32385.0,1,All accounts
A-7e0a10,FinTech,US,2023-11-18,2023-11,ads,Enterprise,46,C 21-50,paid,No,0,,409,1,1,27,23,275.0,24.3,21.0,2,A 0-2,5,0,4.0,41116.0,1,All accounts
A-625d0b,EdTech,AU,2024-09-02,2024-09,ads,Basic,9,B 6-20,trial,No,0,,120,0,0,9,8,105.0,8.0,4.0,1,A 0-2,5,0,3.0,9903.0,1,All accounts
A-5b051a,Cybersecurity,US,2024-08-05,2024-08,event,Enterprise,22,C 21-50,paid,No,0,,148,0,0,5,5,59.0,1.4,11.0,1,A 0-2,1,0,3.0,1914.0,1,All accounts
A-ab438f,Cybersecurity,US,2024-09-13,2024-09,ads,Enterprise,13,B 6-20,trial,Yes,1,2024-12-02,80,1,1,3,3,32.0,3.6,0.0,1,A 0-2,2,0,3.5,11144.0,1,All accounts
A-0f3e88,HealthTech,US,2023-07-23,2023-07,other,Basic,7,B 6-20,paid,Yes,1,2024-08-11,385,1,1,25,20,252.0,21.6,10.0,2,A 0-2,3,0,4.5,5281.0,1,All accounts
A-0651a4,HealthTech,FR,2024-10-16,2024-10,organic,Pro,16,B 6-20,paid,No,0,,76,0,0,8,7,105.0,6.7,7.0,3,B 3-5,4,0,4.0,44564.0,1,All accounts
A-3d957b,HealthTech,UK,2024-04-04,2024-04,other,Pro,14,B 6-20,paid,No,0,,271,1,1,3,3,35.0,2.7,0.0,1,A 0-2,3,0,3.0,9066.0,1,All accounts
A-87aa7b,HealthTech,US,2024-05-16,2024-05,organic,Pro,24,C 21-50,paid,No,0,,229,1,1,24,18,251.0,19.2,16.0,5,B 3-5,3,1,,22881.0,1,All accounts
A-c1e51e,FinTech,US,2024-10-02,2024-10,organic,Basic,3,A 1-5,paid,No,0,,90,1,1,5,5,50.0,5.1,0.0,2,A 0-2,5,0,3.2,18772.0,1,All accounts
A-71615e,EdTech,US,2024-05-18,2024-05,organic,Basic,15,B 6-20,paid,No,0,,227,1,1,23,18,234.0,19.1,17.0,2,A 0-2,1,0,,40713.0,1,All accounts
A-bb1486,HealthTech,US,2024-11-05,2024-11,organic,Basic,41,C 21-50,paid,No,0,,56,0,0,2,2,20.0,1.9,1.0,1,A 0-2,3,0,3.0,15528.0,1,All accounts
A-ced9aa,DevTools,US,2024-10-05,2024-10,other,Enterprise,3,A 1-5,paid,No,0,,87,0,0,5,5,41.0,3.2,3.0,3,B 3-5,7,0,3.0,4697.0,1,All accounts
A-5c9849,EdTech,IN,2024-11-03,2024-11,partner,Basic,19,B 6-20,paid,No,0,,58,1,1,2,2,16.0,1.4,0.0,1,A 0-2,4,1,,18646.0,1,All accounts
A-9077b0,HealthTech,US,2024-08-25,2024-08,ads,Basic,2,A 1-5,paid,No,0,,128,1,1,6,5,70.0,7.6,4.0,2,A 0-2,3,0,4.33,779.0,1,All accounts
A-de24d5,DevTools,US,2024-11-05,2024-11,other,Enterprise,5,A 1-5,paid,No,0,,56,0,0,3,2,32.0,2.8,0.0,2,A 0-2,7,0,3.0,17554.0,1,All accounts
A-66224b,HealthTech,US,2024-10-18,2024-10,other,Pro,92,D 50+,paid,No,0,,74,0,0,5,5,52.0,3.5,3.0,3,B 3-5,6,0,3.5,50876.0,1,All accounts
A-417d2f,Cybersecurity,IN,2023-07-04,2023-07,partner,Pro,4,A 1-5,paid,No,0,,546,1,1,55,31,557.0,43.5,20.0,5,B 3-5,6,0,4.33,17759.0,1,All accounts
A-0532a9,FinTech,IN,2024-09-25,2024-09,event,Pro,19,B 6-20,paid,No,0,,97,1,1,11,9,102.0,8.1,5.0,4,B 3-5,8,0,3.0,15161.0,1,All accounts
A-019782,DevTools,FR,2023-04-19,2023-04,event,Enterprise,11,B 6-20,paid,No,0,,622,1,1,47,27,486.0,38.5,24.0,1,A 0-2,2,0,3.0,5169.0,1,All accounts
A-034368,EdTech,US,2023-11-05,2023-11,event,Enterprise,19,B 6-20,trial,No,0,,422,0,0,16,14,149.0,13.1,14.0,3,B 3-5,5,0,4.0,11194.0,1,All accounts
A-560d27,DevTools,US,2024-05-05,2024-05,organic,Pro,23,C 21-50,paid,No,0,,240,1,1,18,13,156.0,13.4,9.0,3,B 3-5,4,0,3.67,37064.0,1,All accounts
A-00cac8,HealthTech,AU,2023-09-15,2023-09,organic,Enterprise,8,B 6-20,paid,No,0,,473,0,0,37,25,386.0,29.2,17.0,3,B 3-5,2,0,,14121.0,1,All accounts
A-e08cd3,FinTech,US,2024-09-21,2024-09,ads,Pro,67,D 50+,paid,No,0,,101,0,0,8,8,72.0,4.8,2.0,1,A 0-2,8,0,4.0,67737.0,1,All accounts
A-eb7fac,DevTools,US,2023-10-28,2023-10,organic,Enterprise,7,B 6-20,paid,No,0,,430,0,0,30,20,311.0,29.8,22.0,2,A 0-2,4,0,4.0,41753.0,1,All accounts
A-7920cc,Cybersecurity,FR,2023-11-23,2023-11,ads,Pro,39,C 21-50,paid,No,0,,404,1,1,34,27,321.0,22.4,18.0,4,B 3-5,7,0,4.33,52089.0,1,All accounts
A-756192,FinTech,IN,2023-06-11,2023-06,other,Basic,19,B 6-20,trial,No,0,,569,1,1,47,26,444.0,39.4,27.0,2,A 0-2,3,0,4.0,21400.0,1,All accounts
A-089363,FinTech,AU,2023-05-06,2023-05,event,Basic,2,A 1-5,paid,No,0,,605,1,1,49,28,506.0,42.7,28.0,2,A 0-2,3,0,3.67,7373.0,1,All accounts
A-fdfc91,Cybersecurity,US,2023-05-06,2023-05,ads,Basic,29,C 21-50,paid,No,0,,605,1,1,43,25,429.0,32.7,22.0,3,B 3-5,5,0,3.67,19191.0,1,All accounts
A-c37cab,Cybersecurity,UK,2024-07-29,2024-07,event,Pro,13,B 6-20,paid,No,0,,155,1,1,18,13,166.0,13.1,16.0,2,A 0-2,4,1,3.75,9931.0,1,All accounts
A-8145a0,Cybersecurity,AU,2023-04-25,2023-04,partner,Basic,2,A 1-5,paid,No,0,,616,1,1,57,31,613.0,47.4,24.0,1,A 0-2,6,0,4.0,12285.0,1,All accounts
A-c4ea60,FinTech,DE,2023-03-09,2023-03,other,Enterprise,18,B 6-20,paid,Yes,1,,663,0,0,38,26,389.0,35.2,15.0,3,B 3-5,5,0,3.6,14646.0,1,All accounts
A-dfbd31,DevTools,UK,2023-12-04,2023-12,partner,Enterprise,14,B 6-20,trial,No,0,,393,1,1,29,16,310.0,28.0,10.0,1,A 0-2,6,0,4.25,25079.0,1,All accounts
A-c16b88,HealthTech,US,2023-12-02,2023-12,event,Enterprise,23,C 21-50,trial,No,0,,395,1,1,23,20,217.0,19.1,10.0,4,B 3-5,3,0,3.0,20338.0,1,All accounts
A-acb7f7,EdTech,US,2024-01-06,2024-01,ads,Basic,32,C 21-50,paid,No,0,,360,1,1,34,22,342.0,28.6,20.0,3,B 3-5,3,0,3.5,32574.0,1,All accounts
A-2edab2,HealthTech,US,2023-11-17,2023-11,event,Enterprise,17,B 6-20,paid,No,0,,410,1,1,28,22,286.0,26.0,16.0,1,A 0-2,4,0,3.0,10557.0,1,All accounts
A-9208f0,EdTech,US,2023-05-11,2023-05,organic,Pro,1,A 1-5,paid,Yes,1,2024-11-09,548,1,1,44,26,440.0,35.5,28.0,2,A 0-2,8,1,3.33,3413.0,1,All accounts
A-7a0d69,DevTools,DE,2024-06-15,2024-06,ads,Enterprise,4,A 1-5,trial,Yes,1,2024-12-29,197,1,1,24,19,248.0,18.4,14.0,1,A 0-2,2,0,5.0,10362.0,1,All accounts
A-c16cf7,EdTech,US,2024-10-16,2024-10,event,Pro,13,B 6-20,paid,No,0,,76,0,0,6,6,55.0,3.4,4.0,3,B 3-5,3,0,3.5,7498.0,1,All accounts
A-b3fe05,Cybersecurity,CA,2024-05-28,2024-05,partner,Pro,8,B 6-20,trial,No,0,,217,0,0,13,12,119.0,10.5,8.0,2,A 0-2,4,0,3.0,24102.0,1,All accounts
A-78f02b,HealthTech,US,2024-11-17,2024-11,event,Enterprise,11,B 6-20,paid,No,0,,44,1,1,1,1,6.0,0.3,4.0,1,A 0-2,4,0,4.0,15081.0,1,All accounts
A-2922b6,HealthTech,US,2024-11-14,2024-11,organic,Basic,15,B 6-20,paid,No,0,,47,1,1,4,4,43.0,4.9,4.0,3,B 3-5,2,0,4.0,9934.0,1,All accounts
A-42e5e1,DevTools,US,2024-07-09,2024-07,ads,Pro,1,A 1-5,paid,Yes,1,2024-10-04,87,1,1,6,6,50.0,4.5,8.0,1,A 0-2,3,0,4.0,4936.0,1,All accounts
A-1d5444,Cybersecurity,US,2024-01-18,2024-01,partner,Basic,24,C 21-50,paid,Yes,1,2024-06-01,135,1,1,17,11,168.0,14.8,16.0,3,B 3-5,2,0,4.0,30958.0,1,All accounts
A-f92792,FinTech,US,2024-07-04,2024-07,ads,Pro,1,A 1-5,paid,No,0,,180,1,1,9,9,101.0,5.7,6.0,1,A 0-2,2,0,4.0,18807.0,1,All accounts
A-7f29a7,Cybersecurity,UK,2024-09-18,2024-09,event,Basic,41,C 21-50,paid,No,0,,104,0,0,6,5,56.0,2.8,4.0,2,A 0-2,1,0,4.0,9143.0,1,All accounts
A-e6afc1,DevTools,US,2023-02-24,2023-02,ads,Pro,1,A 1-5,paid,No,0,,676,0,0,65,30,623.0,50.3,27.0,3,B 3-5,0,0,,22582.0,1,All accounts
A-d535f6,DevTools,US,2024-09-03,2024-09,organic,Basic,12,B 6-20,trial,Yes,1,2024-11-26,84,1,1,3,3,28.0,1.5,5.0,2,A 0-2,0,0,,7415.0,1,All accounts
A-039727,EdTech,AU,2024-11-02,2024-11,organic,Pro,25,C 21-50,paid,No,0,,59,1,1,6,6,52.0,5.1,2.0,2,A 0-2,0,0,,31445.0,1,All accounts
A-91e948,EdTech,AU,2023-01-29,2023-01,partner,Basic,41,C 21-50,paid,No,0,,702,1,1,40,23,404.0,32.0,16.0,4,B 3-5,0,0,,21894.0,1,All accounts
A-ffdfd5,EdTech,US,2024-04-13,2024-04,organic,Basic,3,A 1-5,paid,Yes,1,2024-08-08,117,1,1,10,8,97.0,7.4,6.0,3,B 3-5,0,0,,14175.0,1,All accounts
A-e98302,EdTech,US,2023-12-26,2023-12,ads,Enterprise,16,B 6-20,paid,No,0,,371,0,0,18,16,148.0,14.2,11.0,0,A 0-2,9,0,4.14,9725.0,1,All accounts
A-157070,FinTech,US,2023-11-09,2023-11,ads,Pro,16,B 6-20,paid,No,0,,418,1,1,41,27,409.0,29.8,16.0,0,A 0-2,3,1,3.0,22395.0,1,All accounts
A-c7e58b,HealthTech,IN,2023-06-25,2023-06,other,Pro,3,A 1-5,paid,No,0,,555,0,0,25,18,242.0,22.3,12.0,0,A 0-2,5,0,3.5,5384.0,1,All accounts
A-bc87bc,FinTech,US,2024-07-17,2024-07,event,Pro,3,A 1-5,paid,No,0,,167,0,0,7,7,92.0,8.1,2.0,0,A 0-2,7,0,3.75,11690.0,1,All accounts
A-c58f49,EdTech,US,2024-07-31,2024-07,other,Enterprise,70,D 50+,paid,No,0,,153,1,1,6,6,61.0,3.9,0.0,0,A 0-2,3,1,5.0,70980.0,1,All accounts
A-b2af2e,Cybersecurity,UK,2024-08-24,2024-08,event,Enterprise,5,A 1-5,paid,No,0,,129,0,0,3,3,30.0,2.9,1.0,0,A 0-2,2,0,4.0,3112.0,1,All accounts
A-544d0a,DevTools,US,2024-05-02,2024-05,organic,Basic,2,A 1-5,paid,No,0,,243,1,1,14,14,152.0,11.5,11.0,0,A 0-2,2,1,4.0,18492.0,1,All accounts
A-5a184f,DevTools,DE,2023-06-19,2023-06,other,Enterprise,1,A 1-5,trial,Yes,1,2024-09-11,450,0,0,31,20,318.0,26.5,20.0,0,A 0-2,3,0,4.33,19999.0,1,All accounts
A-ccc747,HealthTech,FR,2024-01-12,2024-01,event,Pro,16,B 6-20,trial,Yes,1,2024-09-02,234,1,1,8,8,77.0,7.4,3.0,0,A 0-2,4,1,5.0,3685.0,1,All accounts
A-b11cd0,DevTools,US,2023-01-20,2023-01,ads,Pro,26,C 21-50,paid,Yes,1,,711,0,0,28,21,262.0,22.6,16.0,0,A 0-2,4,0,4.0,4312.0,1,All accounts
A-45ce7a,FinTech,US,2023-07-23,2023-07,ads,Enterprise,16,B 6-20,paid,No,0,,527,1,1,29,20,328.0,25.5,20.0,0,A 0-2,5,0,3.67,7432.0,1,All accounts
A-db5e9e,DevTools,US,2024-11-09,2024-11,partner,Basic,4,A 1-5,paid,No,0,,52,0,0,4,4,42.0,3.9,3.0,0,A 0-2,2,0,5.0,5868.0,1,All accounts
A-855a48,EdTech,US,2023-12-22,2023-12,partner,Pro,14,B 6-20,paid,No,0,,375,0,0,15,12,151.0,11.8,3.0,0,A 0-2,5,0,3.67,30376.0,1,All accounts
A-ce66f8,EdTech,CA,2023-08-23,2023-08,event,Pro,29,C 21-50,paid,No,0,,496,0,0,28,19,293.0,23.3,12.0,0,A 0-2,6,0,3.5,11858.0,1,All accounts
A-503d5a,FinTech,US,2023-10-21,2023-10,other,Enterprise,4,A 1-5,paid,Yes,1,,437,0,0,34,24,367.0,36.0,16.0,0,A 0-2,9,0,4.0,17884.0,1,All accounts
A-bb1eaa,Cybersecurity,US,2024-06-11,2024-06,organic,Basic,21,C 21-50,paid,No,0,,203,0,0,4,4,38.0,1.9,2.0,0,A 0-2,6,0,4.5,10381.0,1,All accounts
A-016043,EdTech,CA,2024-07-31,2024-07,organic,Basic,4,A 1-5,paid,No,0,,153,1,1,6,6,75.0,2.4,3.0,0,A 0-2,3,0,4.0,11740.0,1,All accounts
A-94c3cd,FinTech,CA,2023-09-20,2023-09,other,Enterprise,32,C 21-50,trial,No,0,,468,0,0,21,13,205.0,20.4,11.0,0,A 0-2,4,1,3.5,9036.0,1,All accounts
A-297a2d,HealthTech,UK,2023-05-05,2023-05,event,Pro,27,C 21-50,trial,No,0,,606,1,1,19,17,186.0,14.1,19.0,0,A 0-2,2,0,3.0,14373.0,1,All accounts
A-37f969,HealthTech,IN,2023-10-14,2023-10,partner,Enterprise,30,C 21-50,paid,No,0,,444,1,1,16,15,145.0,13.4,5.0,0,A 0-2,5,1,3.67,22959.0,1,All accounts
A-0a62f5,FinTech,UK,2024-09-11,2024-09,partner,Pro,16,B 6-20,paid,No,0,,111,0,0,1,1,11.0,1.6,0.0,0,A 0-2,2,0,,4861.0,1,All accounts
A-8ae3fc,DevTools,CA,2024-06-28,2024-06,ads,Pro,9,B 6-20,paid,No,0,,186,0,0,10,8,104.0,6.8,3.0,0,A 0-2,4,0,3.5,4447.0,1,All accounts
A-856b1e,FinTech,US,2023-10-31,2023-10,partner,Basic,19,B 6-20,paid,No,0,,427,1,1,15,10,154.0,10.5,13.0,0,A 0-2,5,1,,6321.0,1,All accounts
A-d62e02,Cybersecurity,US,2024-08-20,2024-08,partner,Pro,6,B 6-20,paid,No,0,,133,1,1,8,8,99.0,11.1,8.0,0,A 0-2,1,0,4.0,21324.0,1,All accounts
A-adc1f3,Cybersecurity,US,2024-08-05,2024-08,organic,Pro,2,A 1-5,paid,No,0,,148,0,0,6,6,54.0,4.2,2.0,0,A 0-2,3,0,3.5,16658.0,1,All accounts
A-bbe56f,HealthTech,US,2023-02-16,2023-02,ads,Enterprise,21,C 21-50,paid,No,0,,684,1,1,19,13,208.0,15.6,6.0,0,A 0-2,4,0,4.0,6025.0,1,All accounts
A-a8d89d,EdTech,US,2023-12-08,2023-12,ads,Pro,13,B 6-20,paid,No,0,,389,1,1,29,23,280.0,22.4,10.0,0,A 0-2,2,0,5.0,29320.0,1,All accounts
A-410e86,FinTech,US,2024-11-10,2024-11,organic,Basic,24,C 21-50,paid,No,0,,51,0,0,1,1,11.0,1.7,1.0,0,A 0-2,5,0,3.5,11184.0,1,All accounts
A-5fe118,Cybersecurity,US,2024-11-07,2024-11,other,Enterprise,39,C 21-50,paid,No,0,,54,0,0,1,1,13.0,0.6,0.0,0,A 0-2,1,0,4.0,22290.0,1,All accounts
A-43a9e3,FinTech,IN,2023-08-17,2023-08,other,Basic,18,B 6-20,paid,Yes,1,,502,1,1,22,18,223.0,17.0,13.0,0,A 0-2,3,0,4.0,10004.0,1,All accounts
A-b9f5b1,Cybersecurity,US,2023-01-24,2023-01,other,Pro,15,B 6-20,trial,No,0,,707,0,0,27,19,272.0,22.4,10.0,0,A 0-2,6,1,3.33,7072.0,1,All accounts
A-b20d99,HealthTech,IN,2023-09-27,2023-09,other,Basic,20,B 6-20,paid,No,0,,461,1,1,18,15,181.0,14.9,4.0,0,A 0-2,2,0,3.5,11069.0,1,All accounts
A-f45426,HealthTech,US,2024-08-05,2024-08,organic,Basic,9,B 6-20,trial,No,0,,148,0,0,17,13,173.0,14.0,9.0,0,A 0-2,3,0,4.0,14959.0,1,All accounts
A-3f9cc0,HealthTech,US,2024-06-03,2024-06,event,Basic,22,C 21-50,paid,No,0,,211,1,1,15,12,128.0,11.4,15.0,0,A 0-2,5,1,4.5,19940.0,1,All accounts
A-2d4502,FinTech,IN,2024-04-29,2024-04,event,Basic,7,B 6-20,paid,No,0,,246,1,1,11,10,91.0,6.8,4.0,0,A 0-2,3,0,5.0,29071.0,1,All accounts
A-54ecc2,Cybersecurity,US,2023-06-11,2023-06,partner,Enterprise,4,A 1-5,paid,No,0,,569,0,0,39,25,430.0,37.0,32.0,0,A 0-2,5,0,5.0,16168.0,1,All accounts
A-cdf020,DevTools,AU,2023-08-16,2023-08,organic,Pro,23,C 21-50,paid,No,0,,503,1,1,23,18,229.0,21.5,9.0,0,A 0-2,4,0,4.0,9771.0,1,All accounts
A-ad64c6,DevTools,UK,2024-02-23,2024-02,event,Pro,12,B 6-20,paid,No,0,,312,0,0,7,5,71.0,6.6,4.0,0,A 0-2,4,0,5.0,14120.0,1,All accounts
A-9ee962,HealthTech,US,2023-02-28,2023-02,ads,Basic,9,B 6-20,paid,Yes,1,2024-10-03,583,1,1,34,23,378.0,28.9,13.0,0,A 0-2,3,0,4.0,9249.0,1,All accounts
A-8ae05d,FinTech,IN,2024-04-06,2024-04,other,Enterprise,86,D 50+,paid,No,0,,269,0,0,6,6,75.0,7.9,3.0,0,A 0-2,1,0,4.0,9116.0,1,All accounts
A-5c046d,EdTech,FR,2024-07-06,2024-07,partner,Basic,93,D 50+,paid,No,0,,178,0,0,8,6,69.0,4.5,5.0,0,A 0-2,1,0,3.0,83886.0,1,All accounts
A-96e141,DevTools,UK,2023-08-12,2023-08,partner,Basic,14,B 6-20,trial,No,0,,507,0,0,25,20,243.0,15.1,12.0,0,A 0-2,5,0,4.33,15183.0,1,All accounts
A-39868b,FinTech,AU,2024-03-17,2024-03,partner,Pro,9,B 6-20,paid,No,0,,289,1,1,16,15,181.0,17.3,4.0,0,A 0-2,6,0,4.25,4194.0,1,All accounts
A-5ed98d,DevTools,US,2024-06-22,2024-06,partner,Basic,24,C 21-50,paid,No,0,,192,1,1,10,7,78.0,5.1,7.0,0,A 0-2,5,0,5.0,15478.0,1,All accounts
A-342303,EdTech,US,2024-03-16,2024-03,other,Pro,1,A 1-5,paid,No,0,,290,0,0,6,6,54.0,2.0,4.0,0,A 0-2,3,0,4.5,1695.0,1,All accounts
A-d42431,FinTech,FR,2024-06-09,2024-06,ads,Enterprise,22,C 21-50,paid,No,0,,205,1,1,10,7,93.0,6.5,10.0,0,A 0-2,4,0,4.0,20742.0,1,All accounts
A-117171,HealthTech,FR,2024-09-12,2024-09,organic,Basic,45,C 21-50,paid,Yes,1,2024-11-14,63,0,0,1,1,8.0,0.0,0.0,0,A 0-2,6,1,3.67,9810.0,1,All accounts
A-a2485e,FinTech,US,2024-08-04,2024-08,event,Pro,3,A 1-5,paid,No,0,,149,0,0,5,5,58.0,6.1,3.0,0,A 0-2,0,0,,8775.0,1,All accounts
A-9f2731,FinTech,IN,2024-10-04,2024-10,event,Enterprise,1,A 1-5,trial,No,0,,88,0,0,7,7,64.0,5.6,4.0,5,B 3-5,0,0,,3613.0,1,All accounts
A-2b9d3e,EdTech,US,2023-06-04,2023-06,partner,Enterprise,1,A 1-5,paid,No,0,,576,1,1,33,22,339.0,30.6,11.0,0,A 0-2,3,0,5.0,5142.0,1,All accounts
A-f19409,DevTools,US,2023-03-16,2023-03,other,Basic,23,C 21-50,paid,Yes,1,2023-05-25,70,1,1,4,4,45.0,2.7,1.0,0,A 0-2,3,0,4.0,29559.0,1,All accounts
A-671f31,DevTools,US,2024-11-24,2024-11,ads,Basic,59,D 50+,paid,No,0,,37,0,0,1,1,7.0,0.6,0.0,0,A 0-2,7,0,4.2,30385.0,1,All accounts
A-b179bf,Cybersecurity,IN,2024-10-27,2024-10,ads,Basic,43,C 21-50,trial,No,0,,65,0,0,1,1,15.0,0.6,0.0,0,A 0-2,6,0,4.0,17931.0,1,All accounts
A-bc4d48,EdTech,US,2024-06-12,2024-06,ads,Pro,35,C 21-50,paid,No,0,,202,1,1,6,5,61.0,3.8,3.0,0,A 0-2,6,1,4.2,12390.0,1,All accounts
A-7cfe77,DevTools,US,2024-07-10,2024-07,ads,Pro,69,D 50+,paid,No,0,,174,1,1,4,4,42.0,1.4,3.0,0,A 0-2,7,0,3.5,12765.0,1,All accounts
A-69b156,EdTech,US,2023-11-21,2023-11,other,Pro,7,B 6-20,paid,Yes,1,,406,0,0,21,16,225.0,16.0,12.0,0,A 0-2,7,0,4.0,13798.0,1,All accounts
A-202b67,HealthTech,US,2024-03-22,2024-03,organic,Pro,11,B 6-20,paid,No,0,,284,1,1,21,19,202.0,13.9,13.0,0,A 0-2,4,0,4.67,15979.0,1,All accounts
A-ad296b,DevTools,AU,2024-07-15,2024-07,event,Pro,38,C 21-50,trial,No,0,,169,0,0,7,7,66.0,6.5,3.0,0,A 0-2,3,1,3.67,17708.0,1,All accounts
A-4814a3,Cybersecurity,IN,2024-09-17,2024-09,event,Basic,87,D 50+,paid,Yes,1,2024-11-25,69,1,1,4,4,40.0,3.6,3.0,0,A 0-2,4,1,4.0,70644.0,1,All accounts
A-712533,EdTech,US,2023-07-31,2023-07,organic,Pro,18,B 6-20,trial,No,0,,519,1,1,38,26,382.0,29.8,26.0,0,A 0-2,5,0,3.75,19382.0,1,All accounts
A-075038,HealthTech,UK,2023-05-12,2023-05,ads,Basic,17,B 6-20,paid,No,0,,599,1,1,57,31,583.0,44.6,27.0,0,A 0-2,2,0,3.0,18909.0,1,All accounts
A-5247b3,FinTech,UK,2024-03-12,2024-03,partner,Pro,16,B 6-20,paid,No,0,,294,1,1,21,15,222.0,15.8,13.0,0,A 0-2,5,0,4.0,11791.0,1,All accounts
A-4c6f11,FinTech,CA,2023-11-27,2023-11,organic,Pro,24,C 21-50,paid,Yes,1,2024-10-18,326,0,0,11,10,119.0,9.3,0.0,0,A 0-2,3,0,4.33,7586.0,1,All accounts
A-354f12,FinTech,US,2024-04-28,2024-04,ads,Pro,1,A 1-5,paid,No,0,,247,0,0,8,8,71.0,5.7,1.0,0,A 0-2,2,0,,8889.0,1,All accounts
A-794a0b,HealthTech,DE,2023-06-02,2023-06,organic,Basic,23,C 21-50,trial,No,0,,578,0,0,32,26,299.0,23.1,23.0,0,A 0-2,0,0,,10575.0,1,All accounts
A-5f2961,HealthTech,US,2024-11-22,2024-11,partner,Basic,4,A 1-5,paid,No,0,,39,0,0,0,0,0.0,0.0,0.0,0,A 0-2,1,0,,10299.0,1,All accounts
A-bf7919,HealthTech,US,2024-11-27,2024-11,organic,Pro,3,A 1-5,paid,No,0,,34,0,0,0,0,0.0,0.0,0.0,0,A 0-2,2,0,5.0,825.0,1,All accounts
A-18793f,EdTech,US,2024-12-18,2024-12,organic,Basic,148,D 50+,paid,No,0,,13,1,1,0,0,0.0,0.0,0.0,0,A 0-2,5,0,3.8,75776.0,1,All accounts
A-0f6450,FinTech,US,2024-12-27,2024-12,other,Pro,28,C 21-50,paid,Yes,1,2024-12-30,3,0,0,0,0,0.0,0.0,0.0,0,A 0-2,8,1,3.83,23800.0,1,All accounts
A-6843f2,HealthTech,CA,2024-12-10,2024-12,ads,Enterprise,21,C 21-50,paid,No,0,,21,0,0,0,0,0.0,0.0,0.0,0,A 0-2,2,0,3.0,16520.0,1,All accounts
A-b07346,HealthTech,US,2024-10-10,2024-10,partner,Pro,51,D 50+,paid,Yes,1,2024-11-12,33,1,1,0,0,0.0,0.0,0.0,0,A 0-2,3,0,3.5,31416.0,1,All accounts
A-700ade,Cybersecurity,UK,2024-10-31,2024-10,organic,Enterprise,1,A 1-5,paid,No,0,,61,0,0,0,0,0.0,0.0,0.0,0,A 0-2,4,0,4.67,13859.0,1,All accounts
A-118f1c,Cybersecurity,US,2024-10-31,2024-10,other,Pro,32,C 21-50,paid,No,0,,61,0,0,0,0,0.0,0.0,0.0,0,A 0-2,1,0,3.0,26080.0,1,All accounts
A-310452,DevTools,FR,2024-12-25,2024-12,other,Enterprise,9,B 6-20,paid,No,0,,6,0,0,0,0,0.0,0.0,0.0,0,A 0-2,5,0,3.6,11003.0,1,All accounts
A-0b0d6d,DevTools,US,2024-12-30,2024-12,organic,Pro,3,A 1-5,paid,No,0,,1,1,1,0,0,0.0,0.0,0.0,0,A 0-2,5,1,4.0,30429.0,1,All accounts
A-149a69,DevTools,US,2024-10-17,2024-10,event,Basic,34,C 21-50,paid,No,0,,75,0,0,0,0,0.0,0.0,0.0,0,A 0-2,8,0,4.2,8058.0,1,All accounts
A-17939a,HealthTech,US,2024-12-26,2024-12,organic,Basic,1,A 1-5,paid,No,0,,5,0,0,0,0,0.0,0.0,0.0,0,A 0-2,7,0,4.5,8035.0,1,All accounts
A-22f2df,DevTools,US,2024-12-14,2024-12,ads,Basic,3,A 1-5,paid,No,0,,17,1,1,0,0,0.0,0.0,0.0,0,A 0-2,5,0,5.0,7451.0,1,All accounts
A-5790f4,FinTech,UK,2024-12-22,2024-12,event,Pro,1,A 1-5,trial,No,0,,9,0,0,0,0,0.0,0.0,0.0,0,A 0-2,4,1,4.0,17334.0,1,All accounts
A-524364,DevTools,FR,2024-12-31,2024-12,partner,Enterprise,3,A 1-5,paid,No,0,,0,0,0,0,0,0.0,0.0,0.0,0,A 0-2,3,0,4.33,9552.0,1,All accounts
