Cohort,Months Since Signup,Cohort Size,Active Accounts,Pct Active
2023-08,0,13,13,1.0
2023-06,10,10,10,1.0
2023-08,11,14,14,1.0
2023-01,7,17,17,1.0
2023-07,7,13,13,1.0
2023-10,10,17,17,1.0
2023-04,10,15,15,1.0
2023-01,8,14,14,1.0
2023-04,2,13,13,1.0
2023-10,2,18,18,1.0
2023-09,9,18,18,1.0
2023-06,2,12,12,1.0
2023-05,1,22,22,1.0
2023-07,8,13,13,1.0
2023-09,5,20,20,1.0
2023-12,4,18,18,1.0
2023-03,6,17,17,1.0
2023-03,3,16,16,1.0
2023-11,1,20,20,1.0
2023-05,8,25,25,1.0
2023-09,11,19,19,1.0
2023-07,1,12,12,1.0
2023-12,6,16,16,1.0
2023-09,0,19,19,1.0
2023-02,2,16,16,1.0
2023-11,8,23,23,1.0
2023-03,4,18,18,1.0
2023-12,3,17,17,1.0
2023-01,1,12,12,1.0
2023-05,7,23,23,1.0
2023-08,5,12,12,1.0
2023-08,9,13,13,1.0
2023-11,7,21,21,1.0
2023-02,10,14,14,1.0
2023-02,11,16,16,1.0
2023-10,5,16,16,1.0
2023-04,5,11,11,1.0
2023-10,9,17,17,1.0
2023-12,7,18,18,1.0
2023-06,5,10,10,1.0
2023-09,2,21,21,1.0
2023-02,0,17,17,1.0
2023-04,9,15,15,1.0
2023-06,9,12,12,1.0
2023-10,4,17,17,1.0
2023-08,1,14,14,1.0
2023-04,4,14,14,1.0
2023-02,6,15,15,1.0
2023-06,4,9,9,1.0
2023-09,7,19,19,1.0
2023-02,3,13,13,1.0
2023-12,2,15,15,1.0
2023-06,1,11,11,1.0
2023-11,2,20,20,1.0
2023-04,1,13,13,1.0
2023-05,2,23,23,1.0
2023-10,1,18,18,1.0
2023-08,4,13,13,1.0
2023-02,8,17,17,1.0
2023-09,6,21,21,1.0
2023-03,9,14,14,1.0
2023-05,10,20,20,1.0
2023-11,10,21,21,1.0
2023-02,7,12,12,1.0
2023-09,3,22,22,1.0
2023-12,0,18,18,1.0
2023-12,11,11,11,1.0
2023-03,5,16,16,1.0
2023-06,7,13,13,1.0
2023-03,0,17,17,1.0
2023-09,4,23,23,1.0
2023-10,7,16,16,1.0
2023-12,5,16,16,1.0
2023-12,9,18,18,1.0
2023-03,11,15,15,1.0
2023-01,10,12,12,1.0
2023-07,10,12,12,1.0
2023-04,7,12,12,1.0
2023-08,6,15,15,1.0
2023-04,8,12,12,1.0
2023-01,2,15,15,1.0
2023-06,8,11,11,1.0
2023-08,3,14,14,1.0
2023-10,8,17,17,1.0
2023-07,2,11,11,1.0
2023-02,1,16,16,1.0
2023-01,3,16,16,1.0
2023-07,3,13,13,1.0
2023-07,6,13,13,1.0
2023-08,2,15,15,1.0
2023-03,8,17,17,1.0
2023-05,4,23,23,1.0
2023-01,6,16,16,1.0
2023-12,1,15,15,1.0
2023-11,4,20,20,1.0
2023-05,6,21,21,1.0
2023-07,4,12,12,1.0
2023-05,3,23,23,1.0
2023-09,10,15,15,1.0
2023-12,8,20,20,1.0
2023-11,6,23,23,1.0
2023-11,3,19,19,1.0
2023-03,1,19,19,1.0
2023-01,4,16,16,1.0
2023-11,0,21,21,1.0
2023-05,11,22,22,1.0
2023-05,0,24,24,1.0
2023-11,11,24,24,1.0
2023-07,9,12,12,1.0
2023-01,5,13,13,1.0
2023-09,8,22,22,1.0
2023-12,10,16,16,1.0
2023-07,5,13,13,1.0
2023-01,9,15,15,1.0
2023-06,3,12,12,1.0
2023-06,6,11,11,1.0
2023-03,2,18,18,1.0
2023-04,6,14,14,1.0
2023-10,6,20,20,1.0
2023-10,3,14,14,1.0
2023-08,8,15,15,1.0
2023-02,4,15,15,1.0
2023-04,3,13,13,1.0
2023-06,0,12,12,1.0
2023-03,7,15,15,1.0
2023-08,10,15,15,1.0
2023-10,0,18,18,1.0
2023-06,11,11,11,1.0
2023-02,5,14,14,1.0
2023-10,11,16,16,1.0
2023-04,11,14,14,1.0
2023-02,9,16,16,1.0
2023-04,0,13,13,1.0
2023-09,1,18,18,1.0
2023-07,0,14,14,1.0
2023-07,11,13,13,1.0
2023-05,9,24,24,1.0
2023-03,10,14,14,1.0
2023-05,5,24,24,1.0
2023-11,5,22,22,1.0
2023-01,0,16,16,1.0
2023-01,11,12,12,1.0
2023-08,7,15,15,1.0
2023-11,9,21,21,1.0
