Feature,Adopters,Adopter Churn,Nonadopter Churn,Errors,Events,Delta
feature_20,130,0.27692307692307694,0.22018348623853212,308.0,643,5.673959068454481
feature_13,153,0.2875816993464052,0.20512820512820512,372.0,612,8.24534942182001
feature_24,149,0.2214765100671141,0.2562814070351759,349.0,643,-3.480489696806177
feature_39,134,0.2537313432835821,0.2336448598130841,357.0,631,2.008648347049799
feature_34,145,0.22758620689655173,0.2512315270935961,397.0,650,-2.364532019704435
feature_4,141,0.2695035460992908,0.2222222222222222,418.0,625,4.728132387706857
feature_33,158,0.26582278481012656,0.22105263157894736,336.0,635,4.47701532311792
feature_29,146,0.21232876712328766,0.2623762376237624,371.0,640,-5.004747050047473
feature_37,155,0.25161290322580643,0.23316062176165803,306.0,636,1.8452281464148401
feature_36,153,0.26143790849673204,0.22564102564102564,371.0,648,3.5796882855706396
feature_10,159,0.25157232704402516,0.2328042328042328,348.0,634,1.8768094239792366
feature_15,150,0.2733333333333333,0.21717171717171718,349.0,640,5.616161616161613
feature_23,142,0.2323943661971831,0.24757281553398058,306.0,563,-1.5178449336797488
feature_9,156,0.22435897435897437,0.2552083333333333,404.0,624,-3.0849358974358947
feature_21,148,0.22297297297297297,0.255,349.0,591,-3.2027027027027035
feature_8,154,0.2532467532467532,0.23195876288659795,284.0,596,2.1287990360155273
feature_5,136,0.25735294117647056,0.23113207547169812,316.0,577,2.6220865704772445
feature_25,151,0.2847682119205298,0.20812182741116753,344.0,615,7.664638450936229
feature_18,146,0.2671232876712329,0.22277227722772278,369.0,588,4.435101044351011
feature_12,163,0.2085889570552147,0.2702702702702703,359.0,659,-6.168131321505557
feature_38,154,0.2727272727272727,0.21649484536082475,356.0,643,5.623242736644796
feature_6,144,0.22916666666666666,0.25,339.0,655,-2.0833333333333344
feature_16,151,0.1986754966887417,0.27411167512690354,396.0,622,-7.543617843816183
feature_28,146,0.21232876712328766,0.2623762376237624,361.0,623,-5.004747050047473
feature_7,158,0.2468354430379747,0.23684210526315788,311.0,619,0.9993337774816813
feature_32,139,0.2302158273381295,0.24880382775119617,357.0,659,-1.8588000413066657
feature_30,138,0.2246376811594203,0.2523809523809524,362.0,629,-2.7743271221532084
feature_14,133,0.23308270676691728,0.24651162790697675,307.0,600,-1.3428921140059473
feature_1,148,0.25,0.235,336.0,629,1.5000000000000013
feature_3,145,0.2206896551724138,0.2561576354679803,345.0,598,-3.5467980295566526
feature_27,128,0.234375,0.24545454545454545,362.0,611,-1.1079545454545454
feature_31,145,0.2413793103448276,0.2413793103448276,335.0,644,0.0
feature_22,143,0.22377622377622378,0.25365853658536586,343.0,636,-2.988231280914208
feature_17,156,0.23717948717948717,0.24479166666666666,369.0,651,-0.7612179487179488
feature_2,155,0.21935483870967742,0.25906735751295334,401.0,642,-3.971251880327592
feature_35,148,0.19594594594594594,0.275,313.0,587,-7.905405405405408
feature_19,137,0.2773722627737226,0.21800947867298578,352.0,589,5.936278410073684
feature_26,155,0.2,0.27461139896373055,417.0,649,-7.461139896373053
feature_11,150,0.24666666666666667,0.23737373737373738,352.0,643,0.9292929292929297
feature_40,133,0.23308270676691728,0.24651162790697675,380.0,621,-1.3428921140059473
