Month,Active Accounts,New Subs,New Mrr,Churned Mrr,Account Churns
2023-01,8,3,4684.0,0.0,1
2023-02,23,11,11079.0,3287.0,0
2023-03,42,17,25885.0,2156.0,2
2023-04,61,31,41788.0,245.0,0
2023-05,79,29,85919.0,24010.0,2
2023-06,86,46,74987.0,3643.0,0
2023-07,104,59,120422.0,3418.0,2
2023-08,118,82,165621.0,15407.0,2
2023-09,131,62,116222.0,34917.0,1
2023-10,151,84,182518.0,8875.0,0
2023-11,169,121,217219.0,33485.0,6
2023-12,186,121,267264.0,15610.0,2
2024-01,205,134,276933.0,15829.0,2
2024-02,215,152,365442.0,67777.0,2
2024-03,232,186,421916.0,31656.0,3
2024-04,252,193,445858.0,47683.0,7
2024-05,285,245,632549.0,84877.0,7
2024-06,287,248,537758.0,24639.0,10
2024-07,318,330,707816.0,42518.0,9
2024-08,328,337,648426.0,59799.0,9
2024-09,344,440,992366.0,95283.0,13
2024-10,381,504,1173608.0,99733.0,19
2024-11,384,612,1549040.0,170744.0,9
2024-12,423,953,2273427.0,293548.0,15
