Month,Kind,Mrr
2023-01,New MRR,4684.0
2023-02,New MRR,11079.0
2023-03,New MRR,25885.0
2023-04,New MRR,41788.0
2023-05,New MRR,85919.0
2023-06,New MRR,74987.0
2023-07,New MRR,120422.0
2023-08,New MRR,165621.0
2023-09,New MRR,116222.0
2023-10,New MRR,182518.0
2023-11,New MRR,217219.0
2023-12,New MRR,267264.0
2024-01,New MRR,276933.0
2024-02,New MRR,365442.0
2024-03,New MRR,421916.0
2024-04,New MRR,445858.0
2024-05,New MRR,632549.0
2024-06,New MRR,537758.0
2024-07,New MRR,707816.0
2024-08,New MRR,648426.0
2024-09,New MRR,992366.0
2024-10,New MRR,1173608.0
2024-11,New MRR,1549040.0
2024-12,New MRR,2273427.0
2023-01,Churned MRR,0.0
2023-02,Churned MRR,3287.0
2023-03,Churned MRR,2156.0
2023-04,Churned MRR,245.0
2023-05,Churned MRR,24010.0
2023-06,Churned MRR,3643.0
2023-07,Churned MRR,3418.0
2023-08,Churned MRR,15407.0
2023-09,Churned MRR,34917.0
2023-10,Churned MRR,8875.0
2023-11,Churned MRR,33485.0
2023-12,Churned MRR,15610.0
2024-01,Churned MRR,15829.0
2024-02,Churned MRR,67777.0
2024-03,Churned MRR,31656.0
2024-04,Churned MRR,47683.0
2024-05,Churned MRR,84877.0
2024-06,Churned MRR,24639.0
2024-07,Churned MRR,42518.0
2024-08,Churned MRR,59799.0
2024-09,Churned MRR,95283.0
2024-10,Churned MRR,99733.0
2024-11,Churned MRR,170744.0
2024-12,Churned MRR,293548.0
