Referral Source,Months Since Signup,Accounts,Pct Active
partner,8,43,1.0
event,1,39,1.0
partner,7,37,1.0
ads,4,41,1.0
other,6,38,1.0
other,3,40,1.0
organic,9,37,1.0
organic,5,33,1.0
other,4,40,1.0
ads,3,40,1.0
organic,0,36,1.0
event,8,38,1.0
organic,11,39,1.0
ads,6,43,1.0
partner,1,40,1.0
event,7,38,1.0
organic,7,35,1.0
ads,2,42,1.0
partner,9,40,1.0
partner,5,36,1.0
ads,1,38,1.0
other,8,45,1.0
event,4,41,1.0
other,5,45,1.0
other,9,41,1.0
ads,0,41,1.0
event,10,35,1.0
organic,6,39,1.0
ads,11,37,1.0
organic,3,34,1.0
event,2,36,1.0
organic,2,38,1.0
ads,7,41,1.0
partner,4,40,1.0
event,11,37,1.0
ads,10,42,1.0
event,0,39,1.0
organic,8,37,1.0
partner,11,36,1.0
other,2,41,1.0
partner,0,42,1.0
other,7,43,1.0
partner,3,41,1.0
partner,6,43,1.0
partner,10,37,1.0
organic,10,32,1.0
event,3,37,1.0
other,1,36,1.0
ads,8,43,1.0
event,6,39,1.0
ads,5,40,1.0
other,11,38,1.0
organic,4,36,1.0
partner,2,40,1.0
ads,9,44,1.0
other,0,44,1.0
organic,1,37,1.0
event,9,33,1.0
event,5,33,1.0
other,10,35,1.0
